[{"model": "contenttypes.contenttype", "pk": 1, "fields": {"app_label": "auth", "model": "permission"}}, {"model": "contenttypes.contenttype", "pk": 2, "fields": {"app_label": "auth", "model": "group"}}, {"model": "contenttypes.contenttype", "pk": 3, "fields": {"app_label": "auth", "model": "user"}}, {"model": "contenttypes.contenttype", "pk": 4, "fields": {"app_label": "contenttypes", "model": "contenttype"}}, {"model": "contenttypes.contenttype", "pk": 5, "fields": {"app_label": "sessions", "model": "session"}}, {"model": "contenttypes.contenttype", "pk": 6, "fields": {"app_label": "sites", "model": "site"}}, {"model": "contenttypes.contenttype", "pk": 7, "fields": {"app_label": "admin", "model": "logentry"}}, {"model": "contenttypes.contenttype", "pk": 8, "fields": {"app_label": "forum", "model": "forum"}}, {"model": "contenttypes.contenttype", "pk": 9, "fields": {"app_label": "forum_conversation", "model": "post"}}, {"model": "contenttypes.contenttype", "pk": 10, "fields": {"app_label": "forum_conversation", "model": "topic"}}, {"model": "contenttypes.contenttype", "pk": 11, "fields": {"app_label": "forum_attachments", "model": "attachment"}}, {"model": "contenttypes.contenttype", "pk": 12, "fields": {"app_label": "forum_polls", "model": "topicpoll"}}, {"model": "contenttypes.contenttype", "pk": 13, "fields": {"app_label": "forum_polls", "model": "topicpolloption"}}, {"model": "contenttypes.contenttype", "pk": 14, "fields": {"app_label": "forum_polls", "model": "topicpollvote"}}, {"model": "contenttypes.contenttype", "pk": 15, "fields": {"app_label": "forum_tracking", "model": "forumreadtrack"}}, {"model": "contenttypes.contenttype", "pk": 16, "fields": {"app_label": "forum_tracking", "model": "topicreadtrack"}}, {"model": "contenttypes.contenttype", "pk": 17, "fields": {"app_label": "forum_member", "model": "forumprofile"}}, {"model": "contenttypes.contenttype", "pk": 18, "fields": {"app_label": "forum_permission", "model": "forumpermission"}}, {"model": "contenttypes.contenttype", "pk": 19, "fields": {"app_label": "forum_permission", "model": "groupforumpermission"}}, {"model": "contenttypes.contenttype", "pk": 20, "fields": {"app_label": "forum_permission", "model": "userforumpermission"}}, {"model": "contenttypes.contenttype", "pk": 21, "fields": {"app_label": "game", "model": "game"}}, {"model": "contenttypes.contenttype", "pk": 22, "fields": {"app_label": "recommended", "model": "recommended"}}, {"model": "contenttypes.contenttype", "pk": 23, "fields": {"app_label": "collection", "model": "collection"}}, {"model": "contenttypes.contenttype", "pk": 24, "fields": {"app_label": "collection", "model": "collection_has_games"}}, {"model": "sessions.session", "pk": "0pg9h535a74k1uq7rtt21whmd4sz4agl", "fields": {"session_data": "ZTY2NWI5Y2RiZmVkOThmMDBjNTkwMTEwZDRkZWVjZDhiNTJjMDIwZjp7Il9hbm9ueW1vdXNfZm9ydW1fa2V5IjoiYjc1ZjFlMGFiOWRmNDRkZTgwM2NkZjUxNWU1ZDM5YjciLCJfYXV0aF91c2VyX2lkIjoiMSIsIl9hdXRoX3VzZXJfYmFja2VuZCI6ImRqYW5nby5jb250cmliLmF1dGguYmFja2VuZHMuTW9kZWxCYWNrZW5kIiwiX2F1dGhfdXNlcl9oYXNoIjoiYjE0YmUyNjJkOTk0YmI3YjY2NjdiOTQwZmQzYTJjYmVmNzZkNzg1ZSJ9", "expire_date": "2020-03-24T19:36:22.977Z"}}, {"model": "sessions.session", "pk": "7fwdxi5s4cpxy8qw0tkr8nyqu9z65qdr", "fields": {"session_data": "M2Q4OGVjYjkxOTNkZmMxOGM5NGQ0N2EyMWZlYjY3NDkzMTgxMjNhYTp7Il9hbm9ueW1vdXNfZm9ydW1fa2V5IjoiOWE2ZDg0M2I5MTE1NGE5NWE5OTM4Nzk1Y2Q4ZDY4MmQiLCJfYXV0aF91c2VyX2lkIjoiMSIsIl9hdXRoX3VzZXJfYmFja2VuZCI6ImRqYW5nby5jb250cmliLmF1dGguYmFja2VuZHMuTW9kZWxCYWNrZW5kIiwiX2F1dGhfdXNlcl9oYXNoIjoiYjE0YmUyNjJkOTk0YmI3YjY2NjdiOTQwZmQzYTJjYmVmNzZkNzg1ZSJ9", "expire_date": "2020-03-26T19:12:53.211Z"}}, {"model": "sessions.session", "pk": "86q4aq0brl6wlpor03s1pi2y7lhig5wb", "fields": {"session_data": "OTFkZjNhMjY0NzQwZDUyYTAzZWExYzUxZmI4ODJmNzgyYWQ0ZTAwZTp7Il9hbm9ueW1vdXNfZm9ydW1fa2V5IjoiMmFjOWM5N2UzYjYwNGI3NjhiNmFhNmQzYTQ3MzZiNzYifQ==", "expire_date": "2020-03-24T17:24:33.284Z"}}, {"model": "sessions.session", "pk": "bev0rtg0wfzspr4gijc3jpy2asg6suai", "fields": {"session_data": "NmI5M2U3ZGI2Y2I4NjVlM2U4OGQ5M2FjNGE0YzkyNDkwZDRlZmVlMjp7Il9hbm9ueW1vdXNfZm9ydW1fa2V5IjoiNTA3YzIxNzRiODczNDgyNWI3NGNlZDdkMmFkZTQ5YTYifQ==", "expire_date": "2020-03-24T18:33:41.395Z"}}, {"model": "sessions.session", "pk": "buankvoong4xv3mxv91xv6382198v0vz", "fields": {"session_data": "OTU0OWMwMTI2OGI2MDU0YTU4MmVhYjhlNWY0MWYzNjAyMWRiNTY1NDp7Il9hbm9ueW1vdXNfZm9ydW1fa2V5IjoiNDRjYjlkYTZlNzQ5NGMxZGJlNjBlYTBlYjE1MzA4ZjAiLCJfYXV0aF91c2VyX2lkIjoiOCIsIl9hdXRoX3VzZXJfYmFja2VuZCI6ImRqYW5nby5jb250cmliLmF1dGguYmFja2VuZHMuTW9kZWxCYWNrZW5kIiwiX2F1dGhfdXNlcl9oYXNoIjoiM2UzMGZiZWIxZjY4YTNlYWQwYWM0OWUwNTZmMmFhMTJiZTdhNDMyYSJ9", "expire_date": "2020-04-06T16:26:52.045Z"}}, {"model": "sessions.session", "pk": "cmtram6q773448zmpbg9xcfpe1b2yudr", "fields": {"session_data": "ZjdhODAzZjQzZjU5ZjJiNWE3N2QxODA0ODBlYTUxZTc1ZTBhMjUxYzp7Il9hbm9ueW1vdXNfZm9ydW1fa2V5IjoiYjgxYmMxMGJlNGEzNDBkMjg4YWRiZTQ1MmIxZDRjMDQiLCJfYXV0aF91c2VyX2lkIjoiMSIsIl9hdXRoX3VzZXJfYmFja2VuZCI6ImRqYW5nby5jb250cmliLmF1dGguYmFja2VuZHMuTW9kZWxCYWNrZW5kIiwiX2F1dGhfdXNlcl9oYXNoIjoiYjE0YmUyNjJkOTk0YmI3YjY2NjdiOTQwZmQzYTJjYmVmNzZkNzg1ZSJ9", "expire_date": "2020-03-27T00:41:09.573Z"}}, {"model": "sessions.session", "pk": "edqm1ac950gqmle1epphl911fnh3q1e7", "fields": {"session_data": "M2Q4OGI1M2Y1ODNiNzM5NTM4MTQ5OWQxYWE2OGMzMmZkZjk3NTQ0MDp7Il9hbm9ueW1vdXNfZm9ydW1fa2V5IjoiZjk2ZDg2MjY3YjZlNDE0OThkNWRmNTY2ZTBiMTM3YTYifQ==", "expire_date": "2020-03-24T17:20:57.564Z"}}, {"model": "sessions.session", "pk": "f5mv2g49v5v0zjn0ovfc4ub7j8198btb", "fields": {"session_data": "N2U0NTJmOTAwYmI0N2NmYTBjYTc5ZGI4MGJkY2Q0ZjQyOGEyOWU5Mjp7Il9hbm9ueW1vdXNfZm9ydW1fa2V5IjoiMDU3YTA2OGNjNDM2NDk4Nzg2M2ZjZDRiN2M3YjU1OTAiLCJfYXV0aF91c2VyX2lkIjoiOCIsIl9hdXRoX3VzZXJfYmFja2VuZCI6ImRqYW5nby5jb250cmliLmF1dGguYmFja2VuZHMuTW9kZWxCYWNrZW5kIiwiX2F1dGhfdXNlcl9oYXNoIjoiM2UzMGZiZWIxZjY4YTNlYWQwYWM0OWUwNTZmMmFhMTJiZTdhNDMyYSJ9", "expire_date": "2020-04-06T19:54:06.305Z"}}, {"model": "sessions.session", "pk": "oin56whfwgbyciz28t7qeb0l5hqzzqrc", "fields": {"session_data": "MmYyZjMxOTc5MWE5ZThhNTQ3ODAzMGZiODQzNTk3NjhmZDUwZTUwYzp7Il9hbm9ueW1vdXNfZm9ydW1fa2V5IjoiY2JlM2JmYmRiZjY0NGZmM2IzM2E0OGJiNzg1ODc1NDQiLCJfYXV0aF91c2VyX2lkIjoiMSIsIl9hdXRoX3VzZXJfYmFja2VuZCI6ImRqYW5nby5jb250cmliLmF1dGguYmFja2VuZHMuTW9kZWxCYWNrZW5kIiwiX2F1dGhfdXNlcl9oYXNoIjoiYjE0YmUyNjJkOTk0YmI3YjY2NjdiOTQwZmQzYTJjYmVmNzZkNzg1ZSJ9", "expire_date": "2020-03-26T15:34:47.251Z"}}, {"model": "sessions.session", "pk": "synw2rc50mtsrmecl0h8o3dnrr9gqez6", "fields": {"session_data": "MWE0YWJiNDlkZWRkNGNhMjkxOGJjMzZiZDlkZjQxNzJiN2EyODVjOTp7Il9hbm9ueW1vdXNfZm9ydW1fa2V5IjoiNzU5OGNmNGVhNzFkNGEyN2E1MThmOTdkNDQwM2U1ZmYiLCJfYXV0aF91c2VyX2lkIjoiOCIsIl9hdXRoX3VzZXJfYmFja2VuZCI6ImRqYW5nby5jb250cmliLmF1dGguYmFja2VuZHMuTW9kZWxCYWNrZW5kIiwiX2F1dGhfdXNlcl9oYXNoIjoiM2UzMGZiZWIxZjY4YTNlYWQwYWM0OWUwNTZmMmFhMTJiZTdhNDMyYSJ9", "expire_date": "2020-04-04T16:16:47.183Z"}}, {"model": "sites.site", "pk": 1, "fields": {"domain": "example.com", "name": "example.com"}}, {"model": "forum.forum", "pk": 1, "fields": {"created": "2020-03-10T15:52:36.404Z", "updated": "2020-03-10T15:52:36.404Z", "parent": null, "name": "General", "slug": "general", "description": "", "image": "", "link": null, "link_redirects": false, "type": 1, "direct_posts_count": 0, "direct_topics_count": 0, "link_redirects_count": 0, "last_post": null, "last_post_on": null, "display_sub_forum_list": true, "_description_rendered": "<p></p>", "lft": 1, "rght": 4, "tree_id": 1, "level": 0}}, {"model": "forum.forum", "pk": 2, "fields": {"created": "2020-03-10T15:52:45.279Z", "updated": "2020-03-10T15:52:45.279Z", "parent": null, "name": "Gaming", "slug": "gaming", "description": "", "image": "", "link": null, "link_redirects": false, "type": 1, "direct_posts_count": 0, "direct_topics_count": 0, "link_redirects_count": 0, "last_post": null, "last_post_on": null, "display_sub_forum_list": true, "_description_rendered": "<p></p>", "lft": 1, "rght": 90, "tree_id": 2, "level": 0}}, {"model": "forum.forum", "pk": 3, "fields": {"created": "2020-03-10T15:52:58.836Z", "updated": "2020-03-10T15:52:58.836Z", "parent": null, "name": "Marketplace", "slug": "marketplace", "description": "", "image": "", "link": null, "link_redirects": false, "type": 1, "direct_posts_count": 0, "direct_topics_count": 0, "link_redirects_count": 0, "last_post": null, "last_post_on": null, "display_sub_forum_list": true, "_description_rendered": "<p></p>", "lft": 1, "rght": 6, "tree_id": 3, "level": 0}}, {"model": "forum.forum", "pk": 4, "fields": {"created": "2020-03-10T15:53:13.497Z", "updated": "2020-03-20T05:12:04.934Z", "parent": 6, "name": "Catan", "slug": "catan", "description": "", "image": "", "link": null, "link_redirects": false, "type": 0, "direct_posts_count": 4, "direct_topics_count": 2, "link_redirects_count": 0, "last_post": 4, "last_post_on": "2020-03-10T17:43:47.596Z", "display_sub_forum_list": true, "_description_rendered": "<p></p>", "lft": 25, "rght": 26, "tree_id": 2, "level": 2}}, {"model": "forum.forum", "pk": 5, "fields": {"created": "2020-03-10T20:25:44.104Z", "updated": "2020-03-10T20:25:44.104Z", "parent": 2, "name": "Trading Card Games", "slug": "trading-card-games", "description": "", "image": "", "link": null, "link_redirects": false, "type": 0, "direct_posts_count": 0, "direct_topics_count": 0, "link_redirects_count": 0, "last_post": null, "last_post_on": null, "display_sub_forum_list": true, "_description_rendered": "<p></p>", "lft": 2, "rght": 23, "tree_id": 2, "level": 1}}, {"model": "forum.forum", "pk": 6, "fields": {"created": "2020-03-10T20:26:02.384Z", "updated": "2020-03-10T20:26:02.384Z", "parent": 2, "name": "Board Games", "slug": "board-games", "description": "", "image": "", "link": null, "link_redirects": false, "type": 0, "direct_posts_count": 0, "direct_topics_count": 0, "link_redirects_count": 0, "last_post": null, "last_post_on": null, "display_sub_forum_list": true, "_description_rendered": "<p></p>", "lft": 24, "rght": 45, "tree_id": 2, "level": 1}}, {"model": "forum.forum", "pk": 7, "fields": {"created": "2020-03-10T20:26:28.265Z", "updated": "2020-03-10T20:26:28.265Z", "parent": 2, "name": "Miniature War Games", "slug": "miniature-war-games", "description": "", "image": "", "link": null, "link_redirects": false, "type": 0, "direct_posts_count": 0, "direct_topics_count": 0, "link_redirects_count": 0, "last_post": null, "last_post_on": null, "display_sub_forum_list": true, "_description_rendered": "<p></p>", "lft": 46, "rght": 67, "tree_id": 2, "level": 1}}, {"model": "forum.forum", "pk": 8, "fields": {"created": "2020-03-10T20:28:11.343Z", "updated": "2020-03-19T22:28:40.891Z", "parent": 3, "name": "Selling", "slug": "selling", "description": "", "image": "", "link": null, "link_redirects": false, "type": 0, "direct_posts_count": 1, "direct_topics_count": 1, "link_redirects_count": 0, "last_post": 5, "last_post_on": "2020-03-19T22:28:40.610Z", "display_sub_forum_list": true, "_description_rendered": "<p></p>", "lft": 2, "rght": 3, "tree_id": 3, "level": 1}}, {"model": "forum.forum", "pk": 9, "fields": {"created": "2020-03-10T20:28:21.851Z", "updated": "2020-03-10T20:28:21.851Z", "parent": 3, "name": "Buying", "slug": "buying", "description": "", "image": "", "link": null, "link_redirects": false, "type": 0, "direct_posts_count": 0, "direct_topics_count": 0, "link_redirects_count": 0, "last_post": null, "last_post_on": null, "display_sub_forum_list": true, "_description_rendered": "<p></p>", "lft": 4, "rght": 5, "tree_id": 3, "level": 1}}, {"model": "forum.forum", "pk": 10, "fields": {"created": "2020-03-10T20:28:51.573Z", "updated": "2020-03-19T22:29:12.272Z", "parent": 1, "name": "General", "slug": "general", "description": "", "image": "", "link": null, "link_redirects": false, "type": 0, "direct_posts_count": 1, "direct_topics_count": 1, "link_redirects_count": 0, "last_post": 6, "last_post_on": "2020-03-19T22:29:12.103Z", "display_sub_forum_list": true, "_description_rendered": "<p></p>", "lft": 2, "rght": 3, "tree_id": 1, "level": 1}}, {"model": "forum.forum", "pk": 11, "fields": {"created": "2020-03-13T01:18:46.600Z", "updated": "2020-03-13T01:18:46.600Z", "parent": 7, "name": "Infinity", "slug": "infinity", "description": "", "image": "", "link": null, "link_redirects": false, "type": 0, "direct_posts_count": 0, "direct_topics_count": 0, "link_redirects_count": 0, "last_post": null, "last_post_on": null, "display_sub_forum_list": true, "_description_rendered": "<p></p>", "lft": 47, "rght": 48, "tree_id": 2, "level": 2}}, {"model": "forum.forum", "pk": 12, "fields": {"created": "2020-03-13T01:18:59.248Z", "updated": "2020-03-20T05:11:47.455Z", "parent": 7, "name": "Warhammer 40,000", "slug": "warhammer-40000", "description": "", "image": "", "link": null, "link_redirects": false, "type": 0, "direct_posts_count": 3, "direct_topics_count": 1, "link_redirects_count": 0, "last_post": 15, "last_post_on": "2020-03-20T05:02:28.901Z", "display_sub_forum_list": true, "_description_rendered": "<p></p>", "lft": 49, "rght": 50, "tree_id": 2, "level": 2}}, {"model": "forum.forum", "pk": 13, "fields": {"created": "2020-03-13T01:19:07.422Z", "updated": "2020-03-19T22:41:48.911Z", "parent": 7, "name": "Warhammer", "slug": "warhammer", "description": "", "image": "", "link": null, "link_redirects": false, "type": 0, "direct_posts_count": 1, "direct_topics_count": 1, "link_redirects_count": 0, "last_post": 9, "last_post_on": "2020-03-19T22:41:48.721Z", "display_sub_forum_list": true, "_description_rendered": "<p></p>", "lft": 51, "rght": 52, "tree_id": 2, "level": 2}}, {"model": "forum.forum", "pk": 14, "fields": {"created": "2020-03-13T01:19:22.419Z", "updated": "2020-03-20T19:52:00.984Z", "parent": 5, "name": "World of Warcraft Trading Card Game", "slug": "world-of-warcraft-trading-card-game", "description": "", "image": "", "link": null, "link_redirects": false, "type": 0, "direct_posts_count": 1, "direct_topics_count": 1, "link_redirects_count": 0, "last_post": 7, "last_post_on": "2020-03-19T22:40:57.634Z", "display_sub_forum_list": true, "_description_rendered": "<p></p>", "lft": 3, "rght": 4, "tree_id": 2, "level": 2}}, {"model": "forum.forum", "pk": 15, "fields": {"created": "2020-03-13T01:19:37.010Z", "updated": "2020-03-20T05:15:42.052Z", "parent": 5, "name": "Magic: The Gathering", "slug": "magic-the-gathering", "description": "", "image": "", "link": null, "link_redirects": false, "type": 0, "direct_posts_count": 2, "direct_topics_count": 1, "link_redirects_count": 0, "last_post": 12, "last_post_on": "2020-03-19T23:36:15.158Z", "display_sub_forum_list": true, "_description_rendered": "<p></p>", "lft": 5, "rght": 6, "tree_id": 2, "level": 2}}, {"model": "forum.forum", "pk": 16, "fields": {"created": "2020-03-13T01:19:50.402Z", "updated": "2020-03-20T19:52:47.845Z", "parent": 5, "name": "Legend of the Five Rings", "slug": "legend-of-the-five-rings", "description": "", "image": "", "link": null, "link_redirects": false, "type": 0, "direct_posts_count": 0, "direct_topics_count": 0, "link_redirects_count": 0, "last_post": null, "last_post_on": null, "display_sub_forum_list": true, "_description_rendered": "<p></p>", "lft": 7, "rght": 8, "tree_id": 2, "level": 2}}, {"model": "forum.forum", "pk": 17, "fields": {"created": "2020-03-13T01:20:08.053Z", "updated": "2020-03-20T19:54:52.318Z", "parent": 21, "name": "Dungeons & Dragons Basic Game", "slug": "dungeons-dragons-basic-game", "description": "", "image": "", "link": null, "link_redirects": false, "type": 0, "direct_posts_count": 1, "direct_topics_count": 1, "link_redirects_count": 0, "last_post": 8, "last_post_on": "2020-03-19T22:41:20.202Z", "display_sub_forum_list": true, "_description_rendered": "<p></p>", "lft": 69, "rght": 70, "tree_id": 2, "level": 2}}, {"model": "forum.forum", "pk": 18, "fields": {"created": "2020-03-13T01:20:21.712Z", "updated": "2020-03-20T19:58:14.446Z", "parent": 21, "name": "Savage Worlds", "slug": "savage-worlds", "description": "", "image": "", "link": null, "link_redirects": false, "type": 0, "direct_posts_count": 0, "direct_topics_count": 0, "link_redirects_count": 0, "last_post": null, "last_post_on": null, "display_sub_forum_list": true, "_description_rendered": "<p></p>", "lft": 71, "rght": 72, "tree_id": 2, "level": 2}}, {"model": "forum.forum", "pk": 19, "fields": {"created": "2020-03-13T01:20:37.809Z", "updated": "2020-03-20T20:04:08.435Z", "parent": 21, "name": "Pathfinder", "slug": "pathfinder", "description": "", "image": "", "link": null, "link_redirects": false, "type": 0, "direct_posts_count": 0, "direct_topics_count": 0, "link_redirects_count": 0, "last_post": null, "last_post_on": null, "display_sub_forum_list": true, "_description_rendered": "<p></p>", "lft": 73, "rght": 74, "tree_id": 2, "level": 2}}, {"model": "forum.forum", "pk": 20, "fields": {"created": "2020-03-13T01:20:54.278Z", "updated": "2020-03-20T18:43:12.668Z", "parent": 6, "name": "Pandemic", "slug": "pandemic", "description": "", "image": "", "link": null, "link_redirects": false, "type": 0, "direct_posts_count": 2, "direct_topics_count": 1, "link_redirects_count": 0, "last_post": 16, "last_post_on": "2020-03-20T18:43:12.288Z", "display_sub_forum_list": true, "_description_rendered": "<p></p>", "lft": 27, "rght": 28, "tree_id": 2, "level": 2}}, {"model": "forum.forum", "pk": 21, "fields": {"created": "2020-03-13T14:49:45.385Z", "updated": "2020-03-13T14:49:45.385Z", "parent": 2, "name": "Roleplaying Games", "slug": "roleplaying-games", "description": "", "image": "", "link": null, "link_redirects": false, "type": 0, "direct_posts_count": 0, "direct_topics_count": 0, "link_redirects_count": 0, "last_post": null, "last_post_on": null, "display_sub_forum_list": true, "_description_rendered": "<p></p>", "lft": 68, "rght": 89, "tree_id": 2, "level": 1}}, {"model": "forum.forum", "pk": 568, "fields": {"created": "2020-03-20T20:05:07.509Z", "updated": "2020-03-20T20:05:07.509Z", "parent": 6, "name": "Gloomhaven", "slug": "gloomhaven", "description": "", "image": "", "link": null, "link_redirects": false, "type": 0, "direct_posts_count": 0, "direct_topics_count": 0, "link_redirects_count": 0, "last_post": null, "last_post_on": null, "display_sub_forum_list": true, "_description_rendered": "<p></p>", "lft": 29, "rght": 30, "tree_id": 2, "level": 2}}, {"model": "forum.forum", "pk": 569, "fields": {"created": "2020-03-20T20:05:59.788Z", "updated": "2020-03-20T20:05:59.788Z", "parent": 6, "name": "Terraforming Mars", "slug": "terraforming-mars", "description": "", "image": "", "link": null, "link_redirects": false, "type": 0, "direct_posts_count": 0, "direct_topics_count": 0, "link_redirects_count": 0, "last_post": null, "last_post_on": null, "display_sub_forum_list": true, "_description_rendered": "<p></p>", "lft": 31, "rght": 32, "tree_id": 2, "level": 2}}, {"model": "forum.forum", "pk": 570, "fields": {"created": "2020-03-20T20:07:05.913Z", "updated": "2020-03-20T20:07:05.913Z", "parent": 6, "name": "Spirit Island", "slug": "spirit-island", "description": "", "image": "", "link": null, "link_redirects": false, "type": 0, "direct_posts_count": 0, "direct_topics_count": 0, "link_redirects_count": 0, "last_post": null, "last_post_on": null, "display_sub_forum_list": true, "_description_rendered": "<p></p>", "lft": 33, "rght": 34, "tree_id": 2, "level": 2}}, {"model": "forum.forum", "pk": 571, "fields": {"created": "2020-03-20T20:09:23.866Z", "updated": "2020-03-20T20:09:23.866Z", "parent": 5, "name": "Gwent: Nilfgaard and Northern Realms", "slug": "gwent-nilfgaard-and-northern-realms", "description": "", "image": "", "link": null, "link_redirects": false, "type": 0, "direct_posts_count": 0, "direct_topics_count": 0, "link_redirects_count": 0, "last_post": null, "last_post_on": null, "display_sub_forum_list": true, "_description_rendered": "<p></p>", "lft": 9, "rght": 10, "tree_id": 2, "level": 2}}, {"model": "forum.forum", "pk": 572, "fields": {"created": "2020-03-20T20:12:23.459Z", "updated": "2020-03-20T20:12:23.459Z", "parent": 5, "name": "Arkham Horror: The Card Game", "slug": "arkham-horror-the-card-game", "description": "", "image": "", "link": null, "link_redirects": false, "type": 0, "direct_posts_count": 0, "direct_topics_count": 0, "link_redirects_count": 0, "last_post": null, "last_post_on": null, "display_sub_forum_list": true, "_description_rendered": "<p></p>", "lft": 11, "rght": 12, "tree_id": 2, "level": 2}}, {"model": "forum.forum", "pk": 573, "fields": {"created": "2020-03-20T20:13:06.150Z", "updated": "2020-03-20T20:13:06.151Z", "parent": 5, "name": "Star Wars: The Card Game", "slug": "star-wars-the-card-game", "description": "", "image": "", "link": null, "link_redirects": false, "type": 0, "direct_posts_count": 0, "direct_topics_count": 0, "link_redirects_count": 0, "last_post": null, "last_post_on": null, "display_sub_forum_list": true, "_description_rendered": "<p></p>", "lft": 13, "rght": 14, "tree_id": 2, "level": 2}}, {"model": "forum.forum", "pk": 574, "fields": {"created": "2020-03-20T20:14:04.020Z", "updated": "2020-03-20T20:14:04.020Z", "parent": 5, "name": "Android: Netrunner", "slug": "android-netrunner", "description": "", "image": "", "link": null, "link_redirects": false, "type": 0, "direct_posts_count": 0, "direct_topics_count": 0, "link_redirects_count": 0, "last_post": null, "last_post_on": null, "display_sub_forum_list": true, "_description_rendered": "<p></p>", "lft": 15, "rght": 16, "tree_id": 2, "level": 2}}, {"model": "forum.forum", "pk": 575, "fields": {"created": "2020-03-20T20:14:38.641Z", "updated": "2020-03-20T20:14:38.641Z", "parent": 5, "name": "Force of Will", "slug": "force-of-will", "description": "", "image": "", "link": null, "link_redirects": false, "type": 1, "direct_posts_count": 0, "direct_topics_count": 0, "link_redirects_count": 0, "last_post": null, "last_post_on": null, "display_sub_forum_list": true, "_description_rendered": "<p></p>", "lft": 17, "rght": 18, "tree_id": 2, "level": 2}}, {"model": "forum.forum", "pk": 576, "fields": {"created": "2020-03-20T20:16:08.154Z", "updated": "2020-03-20T20:16:08.154Z", "parent": 5, "name": "Ashes: Rise of the Phoenixborn", "slug": "ashes-rise-of-the-phoenixborn", "description": "", "image": "", "link": null, "link_redirects": false, "type": 0, "direct_posts_count": 0, "direct_topics_count": 0, "link_redirects_count": 0, "last_post": null, "last_post_on": null, "display_sub_forum_list": true, "_description_rendered": "<p></p>", "lft": 19, "rght": 20, "tree_id": 2, "level": 2}}, {"model": "forum.forum", "pk": 577, "fields": {"created": "2020-03-20T20:18:20.778Z", "updated": "2020-03-20T20:18:20.778Z", "parent": 5, "name": "Final Fantasy Trading Card Game", "slug": "final-fantasy-trading-card-game", "description": "", "image": "", "link": null, "link_redirects": false, "type": 0, "direct_posts_count": 0, "direct_topics_count": 0, "link_redirects_count": 0, "last_post": null, "last_post_on": null, "display_sub_forum_list": true, "_description_rendered": "<p></p>", "lft": 21, "rght": 22, "tree_id": 2, "level": 2}}, {"model": "forum.forum", "pk": 578, "fields": {"created": "2020-03-20T20:20:19.034Z", "updated": "2020-03-20T20:20:19.034Z", "parent": 6, "name": "Through the Ages: A New Story of Civilization", "slug": "through-the-ages-a-new-story-of-civilization", "description": "", "image": "", "link": null, "link_redirects": false, "type": 0, "direct_posts_count": 0, "direct_topics_count": 0, "link_redirects_count": 0, "last_post": null, "last_post_on": null, "display_sub_forum_list": true, "_description_rendered": "<p></p>", "lft": 35, "rght": 36, "tree_id": 2, "level": 2}}, {"model": "forum.forum", "pk": 579, "fields": {"created": "2020-03-20T20:20:48.992Z", "updated": "2020-03-20T20:20:48.992Z", "parent": 6, "name": "Brass: Birmingham", "slug": "brass-birmingham", "description": "", "image": "", "link": null, "link_redirects": false, "type": 0, "direct_posts_count": 0, "direct_topics_count": 0, "link_redirects_count": 0, "last_post": null, "last_post_on": null, "display_sub_forum_list": true, "_description_rendered": "<p></p>", "lft": 37, "rght": 38, "tree_id": 2, "level": 2}}, {"model": "forum.forum", "pk": 580, "fields": {"created": "2020-03-20T20:21:57.055Z", "updated": "2020-03-20T20:21:57.055Z", "parent": 6, "name": "Twilight Struggle", "slug": "twilight-struggle", "description": "", "image": "", "link": null, "link_redirects": false, "type": 0, "direct_posts_count": 0, "direct_topics_count": 0, "link_redirects_count": 0, "last_post": null, "last_post_on": null, "display_sub_forum_list": true, "_description_rendered": "<p></p>", "lft": 39, "rght": 40, "tree_id": 2, "level": 2}}, {"model": "forum.forum", "pk": 581, "fields": {"created": "2020-03-20T20:22:24.580Z", "updated": "2020-03-20T20:22:24.580Z", "parent": 6, "name": "Scythe", "slug": "scythe", "description": "", "image": "", "link": null, "link_redirects": false, "type": 0, "direct_posts_count": 0, "direct_topics_count": 0, "link_redirects_count": 0, "last_post": null, "last_post_on": null, "display_sub_forum_list": true, "_description_rendered": "<p></p>", "lft": 41, "rght": 42, "tree_id": 2, "level": 2}}, {"model": "forum.forum", "pk": 582, "fields": {"created": "2020-03-20T20:23:12.782Z", "updated": "2020-03-20T20:23:12.782Z", "parent": 6, "name": "Concordia", "slug": "concordia", "description": "", "image": "", "link": null, "link_redirects": false, "type": 0, "direct_posts_count": 0, "direct_topics_count": 0, "link_redirects_count": 0, "last_post": null, "last_post_on": null, "display_sub_forum_list": true, "_description_rendered": "<p></p>", "lft": 43, "rght": 44, "tree_id": 2, "level": 2}}, {"model": "forum.forum", "pk": 583, "fields": {"created": "2020-03-20T20:25:01.985Z", "updated": "2020-03-20T20:25:01.985Z", "parent": 7, "name": "BattleTech", "slug": "battletech", "description": "", "image": "", "link": null, "link_redirects": false, "type": 0, "direct_posts_count": 0, "direct_topics_count": 0, "link_redirects_count": 0, "last_post": null, "last_post_on": null, "display_sub_forum_list": true, "_description_rendered": "<p></p>", "lft": 53, "rght": 54, "tree_id": 2, "level": 2}}, {"model": "forum.forum", "pk": 584, "fields": {"created": "2020-03-20T20:26:04.965Z", "updated": "2020-03-20T20:26:04.965Z", "parent": 7, "name": "Malifaux", "slug": "malifaux", "description": "", "image": "", "link": null, "link_redirects": false, "type": 0, "direct_posts_count": 0, "direct_topics_count": 0, "link_redirects_count": 0, "last_post": null, "last_post_on": null, "display_sub_forum_list": true, "_description_rendered": "<p></p>", "lft": 55, "rght": 56, "tree_id": 2, "level": 2}}, {"model": "forum.forum", "pk": 585, "fields": {"created": "2020-03-20T20:26:33.185Z", "updated": "2020-03-20T20:26:33.185Z", "parent": 7, "name": "Warmachine", "slug": "warmachine", "description": "", "image": "", "link": null, "link_redirects": false, "type": 0, "direct_posts_count": 0, "direct_topics_count": 0, "link_redirects_count": 0, "last_post": null, "last_post_on": null, "display_sub_forum_list": true, "_description_rendered": "<p></p>", "lft": 57, "rght": 58, "tree_id": 2, "level": 2}}, {"model": "forum.forum", "pk": 586, "fields": {"created": "2020-03-20T20:27:02.982Z", "updated": "2020-03-20T20:27:02.982Z", "parent": 7, "name": "Star Trek: Attack Wing", "slug": "star-trek-attack-wing", "description": "", "image": "", "link": null, "link_redirects": false, "type": 0, "direct_posts_count": 0, "direct_topics_count": 0, "link_redirects_count": 0, "last_post": null, "last_post_on": null, "display_sub_forum_list": true, "_description_rendered": "<p></p>", "lft": 59, "rght": 60, "tree_id": 2, "level": 2}}, {"model": "forum.forum", "pk": 587, "fields": {"created": "2020-03-20T20:31:42.201Z", "updated": "2020-03-20T20:31:42.201Z", "parent": 7, "name": "Star Wars: X-Wing Miniatures Game", "slug": "star-wars-x-wing-miniatures-game", "description": "", "image": "", "link": null, "link_redirects": false, "type": 0, "direct_posts_count": 0, "direct_topics_count": 0, "link_redirects_count": 0, "last_post": null, "last_post_on": null, "display_sub_forum_list": true, "_description_rendered": "<p></p>", "lft": 61, "rght": 62, "tree_id": 2, "level": 2}}, {"model": "forum.forum", "pk": 588, "fields": {"created": "2020-03-20T20:32:35.403Z", "updated": "2020-03-20T20:32:35.403Z", "parent": 7, "name": "Runewars", "slug": "runewars", "description": "", "image": "", "link": null, "link_redirects": false, "type": 0, "direct_posts_count": 0, "direct_topics_count": 0, "link_redirects_count": 0, "last_post": null, "last_post_on": null, "display_sub_forum_list": true, "_description_rendered": "<p></p>", "lft": 63, "rght": 64, "tree_id": 2, "level": 2}}, {"model": "forum.forum", "pk": 589, "fields": {"created": "2020-03-20T20:33:59.716Z", "updated": "2020-03-20T20:33:59.716Z", "parent": 7, "name": "Blood Bowl (Third Edition)", "slug": "blood-bowl-third-edition", "description": "", "image": "", "link": null, "link_redirects": false, "type": 0, "direct_posts_count": 0, "direct_topics_count": 0, "link_redirects_count": 0, "last_post": null, "last_post_on": null, "display_sub_forum_list": true, "_description_rendered": "<p></p>", "lft": 65, "rght": 66, "tree_id": 2, "level": 2}}, {"model": "forum.forum", "pk": 590, "fields": {"created": "2020-03-20T20:36:45.788Z", "updated": "2020-03-20T20:36:45.788Z", "parent": 21, "name": "Traveller: The Classic Games, Games 1-6+", "slug": "traveller-the-classic-games-games-1-6", "description": "", "image": "", "link": null, "link_redirects": false, "type": 0, "direct_posts_count": 0, "direct_topics_count": 0, "link_redirects_count": 0, "last_post": null, "last_post_on": null, "display_sub_forum_list": true, "_description_rendered": "<p></p>", "lft": 75, "rght": 76, "tree_id": 2, "level": 2}}, {"model": "forum.forum", "pk": 591, "fields": {"created": "2020-03-20T20:40:01.961Z", "updated": "2020-03-20T20:40:01.961Z", "parent": 21, "name": "Werewolf", "slug": "werewolf", "description": "", "image": "", "link": null, "link_redirects": false, "type": 0, "direct_posts_count": 0, "direct_topics_count": 0, "link_redirects_count": 0, "last_post": null, "last_post_on": null, "display_sub_forum_list": true, "_description_rendered": "<p></p>", "lft": 77, "rght": 78, "tree_id": 2, "level": 2}}, {"model": "forum.forum", "pk": 592, "fields": {"created": "2020-03-20T20:41:09.301Z", "updated": "2020-03-20T20:41:09.301Z", "parent": 21, "name": "HeroQuest", "slug": "heroquest", "description": "", "image": "", "link": null, "link_redirects": false, "type": 0, "direct_posts_count": 0, "direct_topics_count": 0, "link_redirects_count": 0, "last_post": null, "last_post_on": null, "display_sub_forum_list": true, "_description_rendered": "<p></p>", "lft": 79, "rght": 80, "tree_id": 2, "level": 2}}, {"model": "forum.forum", "pk": 593, "fields": {"created": "2020-03-20T20:44:10.154Z", "updated": "2020-03-20T20:44:10.155Z", "parent": 21, "name": "Mordheim: City of the Damned", "slug": "mordheim-city-of-the-damned", "description": "", "image": "", "link": null, "link_redirects": false, "type": 0, "direct_posts_count": 0, "direct_topics_count": 0, "link_redirects_count": 0, "last_post": null, "last_post_on": null, "display_sub_forum_list": true, "_description_rendered": "<p></p>", "lft": 81, "rght": 82, "tree_id": 2, "level": 2}}, {"model": "forum.forum", "pk": 594, "fields": {"created": "2020-03-20T20:51:01.770Z", "updated": "2020-03-20T20:51:01.770Z", "parent": 21, "name": "Deadlands: Doomtown", "slug": "deadlands-doomtown", "description": "", "image": "", "link": null, "link_redirects": false, "type": 0, "direct_posts_count": 0, "direct_topics_count": 0, "link_redirects_count": 0, "last_post": null, "last_post_on": null, "display_sub_forum_list": true, "_description_rendered": "<p></p>", "lft": 83, "rght": 84, "tree_id": 2, "level": 2}}, {"model": "forum.forum", "pk": 595, "fields": {"created": "2020-03-20T20:56:22.425Z", "updated": "2020-03-20T20:56:22.425Z", "parent": 21, "name": "Dark Moon", "slug": "dark-moon", "description": "", "image": "", "link": null, "link_redirects": false, "type": 0, "direct_posts_count": 0, "direct_topics_count": 0, "link_redirects_count": 0, "last_post": null, "last_post_on": null, "display_sub_forum_list": true, "_description_rendered": "<p></p>", "lft": 85, "rght": 86, "tree_id": 2, "level": 2}}, {"model": "forum.forum", "pk": 596, "fields": {"created": "2020-03-20T20:57:33.333Z", "updated": "2020-03-20T20:57:33.333Z", "parent": 21, "name": "Magic Realm", "slug": "magic-realm", "description": "", "image": "", "link": null, "link_redirects": false, "type": 0, "direct_posts_count": 0, "direct_topics_count": 0, "link_redirects_count": 0, "last_post": null, "last_post_on": null, "display_sub_forum_list": true, "_description_rendered": "<p></p>", "lft": 87, "rght": 88, "tree_id": 2, "level": 2}}, {"model": "forum_polls.topicpoll", "pk": 1, "fields": {"created": "2020-03-10T16:01:19.145Z", "updated": "2020-03-10T16:01:19.148Z", "topic": 1, "question": "", "duration": 0, "max_options": 1, "user_changes": false}}, {"model": "forum_polls.topicpoll", "pk": 2, "fields": {"created": "2020-03-10T17:43:35.189Z", "updated": "2020-03-10T17:43:35.195Z", "topic": 2, "question": "", "duration": 0, "max_options": 1, "user_changes": false}}, {"model": "forum_polls.topicpoll", "pk": 3, "fields": {"created": "2020-03-19T22:28:40.992Z", "updated": "2020-03-19T22:28:41.038Z", "topic": 3, "question": "", "duration": 0, "max_options": 1, "user_changes": false}}, {"model": "forum_polls.topicpoll", "pk": 4, "fields": {"created": "2020-03-19T22:29:12.326Z", "updated": "2020-03-19T22:29:12.352Z", "topic": 4, "question": "", "duration": 0, "max_options": 1, "user_changes": false}}, {"model": "forum_polls.topicpoll", "pk": 5, "fields": {"created": "2020-03-19T22:40:57.893Z", "updated": "2020-03-19T22:40:57.937Z", "topic": 5, "question": "", "duration": 0, "max_options": 1, "user_changes": false}}, {"model": "forum_polls.topicpoll", "pk": 6, "fields": {"created": "2020-03-19T22:41:20.480Z", "updated": "2020-03-19T22:41:20.500Z", "topic": 6, "question": "", "duration": 0, "max_options": 1, "user_changes": false}}, {"model": "forum_polls.topicpoll", "pk": 7, "fields": {"created": "2020-03-19T22:41:48.977Z", "updated": "2020-03-19T22:41:49.008Z", "topic": 7, "question": "", "duration": 0, "max_options": 1, "user_changes": false}}, {"model": "forum_polls.topicpoll", "pk": 8, "fields": {"created": "2020-03-19T23:02:33.097Z", "updated": "2020-03-19T23:02:33.126Z", "topic": 8, "question": "", "duration": 0, "max_options": 1, "user_changes": false}}, {"model": "forum_polls.topicpoll", "pk": 9, "fields": {"created": "2020-03-19T23:35:48.682Z", "updated": "2020-03-19T23:35:48.703Z", "topic": 9, "question": "", "duration": 0, "max_options": 1, "user_changes": false}}, {"model": "forum_polls.topicpoll", "pk": 10, "fields": {"created": "2020-03-20T05:01:38.868Z", "updated": "2020-03-20T05:01:38.882Z", "topic": 10, "question": "", "duration": 0, "max_options": 1, "user_changes": false}}, {"model": "forum_permission.forumpermission", "pk": 1, "fields": {"codename": "can_see_forum"}}, {"model": "forum_permission.forumpermission", "pk": 2, "fields": {"codename": "can_read_forum"}}, {"model": "forum_permission.forumpermission", "pk": 3, "fields": {"codename": "can_start_new_topics"}}, {"model": "forum_permission.forumpermission", "pk": 4, "fields": {"codename": "can_reply_to_topics"}}, {"model": "forum_permission.forumpermission", "pk": 5, "fields": {"codename": "can_post_announcements"}}, {"model": "forum_permission.forumpermission", "pk": 6, "fields": {"codename": "can_post_stickies"}}, {"model": "forum_permission.forumpermission", "pk": 7, "fields": {"codename": "can_delete_own_posts"}}, {"model": "forum_permission.forumpermission", "pk": 8, "fields": {"codename": "can_edit_own_posts"}}, {"model": "forum_permission.forumpermission", "pk": 9, "fields": {"codename": "can_post_without_approval"}}, {"model": "forum_permission.forumpermission", "pk": 10, "fields": {"codename": "can_create_polls"}}, {"model": "forum_permission.forumpermission", "pk": 11, "fields": {"codename": "can_vote_in_polls"}}, {"model": "forum_permission.forumpermission", "pk": 12, "fields": {"codename": "can_attach_file"}}, {"model": "forum_permission.forumpermission", "pk": 13, "fields": {"codename": "can_download_file"}}, {"model": "forum_permission.forumpermission", "pk": 14, "fields": {"codename": "can_lock_topics"}}, {"model": "forum_permission.forumpermission", "pk": 15, "fields": {"codename": "can_move_topics"}}, {"model": "forum_permission.forumpermission", "pk": 16, "fields": {"codename": "can_edit_posts"}}, {"model": "forum_permission.forumpermission", "pk": 17, "fields": {"codename": "can_delete_posts"}}, {"model": "forum_permission.forumpermission", "pk": 18, "fields": {"codename": "can_approve_posts"}}, {"model": "forum_permission.forumpermission", "pk": 19, "fields": {"codename": "can_reply_to_locked_topics"}}, {"model": "collection.collection", "pk": 94, "fields": {"user_id": null, "collection_name": null}}, {"model": "collection.collection", "pk": 95, "fields": {"user_id": null, "collection_name": null}}, {"model": "collection.collection", "pk": 96, "fields": {"user_id": null, "collection_name": null}}, {"model": "collection.collection", "pk": 97, "fields": {"user_id": null, "collection_name": null}}, {"model": "collection.collection", "pk": 99, "fields": {"user_id": null, "collection_name": null}}, {"model": "collection.collection", "pk": 100, "fields": {"user_id": null, "collection_name": null}}, {"model": "collection.collection", "pk": 101, "fields": {"user_id": null, "collection_name": null}}, {"model": "collection.collection", "pk": 103, "fields": {"user_id": null, "collection_name": null}}, {"model": "collection.collection", "pk": 104, "fields": {"user_id": null, "collection_name": null}}, {"model": "collection.collection", "pk": 105, "fields": {"user_id": 8, "collection_name": "talisman"}}, {"model": "collection.collection", "pk": 106, "fields": {"user_id": null, "collection_name": null}}, {"model": "collection.collection", "pk": 107, "fields": {"user_id": null, "collection_name": null}}, {"model": "collection.collection", "pk": 108, "fields": {"user_id": null, "collection_name": null}}, {"model": "collection.collection_has_games", "pk": 39, "fields": {"user_id": null, "collection_name": null, "game_id": null, "game_name": null, "photo": null, "rating": null, "difficulty": null}}, {"model": "collection.collection_has_games", "pk": 40, "fields": {"user_id": null, "collection_name": null, "game_id": null, "game_name": null, "photo": null, "rating": null, "difficulty": null}}, {"model": "collection.collection_has_games", "pk": 41, "fields": {"user_id": null, "collection_name": null, "game_id": null, "game_name": null, "photo": null, "rating": null, "difficulty": null}}, {"model": "collection.collection_has_games", "pk": 42, "fields": {"user_id": null, "collection_name": null, "game_id": null, "game_name": null, "photo": null, "rating": null, "difficulty": null}}, {"model": "collection.collection_has_games", "pk": 51, "fields": {"user_id": null, "collection_name": null, "game_id": null, "game_name": null, "photo": null, "rating": null, "difficulty": null}}, {"model": "collection.collection_has_games", "pk": 52, "fields": {"user_id": null, "collection_name": null, "game_id": null, "game_name": null, "photo": null, "rating": null, "difficulty": null}}, {"model": "collection.collection_has_games", "pk": 53, "fields": {"user_id": null, "collection_name": null, "game_id": null, "game_name": null, "photo": null, "rating": null, "difficulty": null}}, {"model": "collection.collection_has_games", "pk": 54, "fields": {"user_id": 8, "collection_name": "talisman", "game_id": "27627", "game_name": "Talisman (Revised 4th Edition)", "photo": "https://cf.geekdo-images.com/original/img/AfIL4yT86Q1foF_fXo-qNs-kGnU=/0x0/pic332870.jpg", "rating": "6.6", "difficulty": "2.2"}}, {"model": "collection.collection_has_games", "pk": 55, "fields": {"user_id": 8, "collection_name": "talisman", "game_id": "714", "game_name": "Talisman", "photo": "https://cf.geekdo-images.com/original/img/DurH_pjIU9QmO4Icfz_pmhHYzbY=/0x0/pic818904.jpg", "rating": "6.4", "difficulty": "2.2"}}, {"model": "collection.collection_has_games", "pk": 56, "fields": {"user_id": null, "collection_name": null, "game_id": null, "game_name": null, "photo": null, "rating": null, "difficulty": null}}, {"model": "collection.collection_has_games", "pk": 57, "fields": {"user_id": 8, "collection_name": "talisman", "game_id": "1339", "game_name": "Dungeon!", "photo": "https://cf.geekdo-images.com/original/img/X9Q8mOqv5BHNWhogsAeYbr2_OIM=/0x0/pic1998857.jpg", "rating": "5.9", "difficulty": "1.6"}}, {"model": "collection.collection_has_games", "pk": 58, "fields": {"user_id": null, "collection_name": null, "game_id": null, "game_name": null, "photo": null, "rating": null, "difficulty": null}}, {"model": "auth.permission", "pk": 1, "fields": {"name": "Can add permission", "content_type": 1, "codename": "add_permission"}}, {"model": "auth.permission", "pk": 2, "fields": {"name": "Can change permission", "content_type": 1, "codename": "change_permission"}}, {"model": "auth.permission", "pk": 3, "fields": {"name": "Can delete permission", "content_type": 1, "codename": "delete_permission"}}, {"model": "auth.permission", "pk": 4, "fields": {"name": "Can view permission", "content_type": 1, "codename": "view_permission"}}, {"model": "auth.permission", "pk": 5, "fields": {"name": "Can add group", "content_type": 2, "codename": "add_group"}}, {"model": "auth.permission", "pk": 6, "fields": {"name": "Can change group", "content_type": 2, "codename": "change_group"}}, {"model": "auth.permission", "pk": 7, "fields": {"name": "Can delete group", "content_type": 2, "codename": "delete_group"}}, {"model": "auth.permission", "pk": 8, "fields": {"name": "Can view group", "content_type": 2, "codename": "view_group"}}, {"model": "auth.permission", "pk": 9, "fields": {"name": "Can add user", "content_type": 3, "codename": "add_user"}}, {"model": "auth.permission", "pk": 10, "fields": {"name": "Can change user", "content_type": 3, "codename": "change_user"}}, {"model": "auth.permission", "pk": 11, "fields": {"name": "Can delete user", "content_type": 3, "codename": "delete_user"}}, {"model": "auth.permission", "pk": 12, "fields": {"name": "Can view user", "content_type": 3, "codename": "view_user"}}, {"model": "auth.permission", "pk": 13, "fields": {"name": "Can add content type", "content_type": 4, "codename": "add_contenttype"}}, {"model": "auth.permission", "pk": 14, "fields": {"name": "Can change content type", "content_type": 4, "codename": "change_contenttype"}}, {"model": "auth.permission", "pk": 15, "fields": {"name": "Can delete content type", "content_type": 4, "codename": "delete_contenttype"}}, {"model": "auth.permission", "pk": 16, "fields": {"name": "Can view content type", "content_type": 4, "codename": "view_contenttype"}}, {"model": "auth.permission", "pk": 17, "fields": {"name": "Can add session", "content_type": 5, "codename": "add_session"}}, {"model": "auth.permission", "pk": 18, "fields": {"name": "Can change session", "content_type": 5, "codename": "change_session"}}, {"model": "auth.permission", "pk": 19, "fields": {"name": "Can delete session", "content_type": 5, "codename": "delete_session"}}, {"model": "auth.permission", "pk": 20, "fields": {"name": "Can view session", "content_type": 5, "codename": "view_session"}}, {"model": "auth.permission", "pk": 21, "fields": {"name": "Can add site", "content_type": 6, "codename": "add_site"}}, {"model": "auth.permission", "pk": 22, "fields": {"name": "Can change site", "content_type": 6, "codename": "change_site"}}, {"model": "auth.permission", "pk": 23, "fields": {"name": "Can delete site", "content_type": 6, "codename": "delete_site"}}, {"model": "auth.permission", "pk": 24, "fields": {"name": "Can view site", "content_type": 6, "codename": "view_site"}}, {"model": "auth.permission", "pk": 25, "fields": {"name": "Can add log entry", "content_type": 7, "codename": "add_logentry"}}, {"model": "auth.permission", "pk": 26, "fields": {"name": "Can change log entry", "content_type": 7, "codename": "change_logentry"}}, {"model": "auth.permission", "pk": 27, "fields": {"name": "Can delete log entry", "content_type": 7, "codename": "delete_logentry"}}, {"model": "auth.permission", "pk": 28, "fields": {"name": "Can view log entry", "content_type": 7, "codename": "view_logentry"}}, {"model": "auth.permission", "pk": 29, "fields": {"name": "Can add Forum", "content_type": 8, "codename": "add_forum"}}, {"model": "auth.permission", "pk": 30, "fields": {"name": "Can change Forum", "content_type": 8, "codename": "change_forum"}}, {"model": "auth.permission", "pk": 31, "fields": {"name": "Can delete Forum", "content_type": 8, "codename": "delete_forum"}}, {"model": "auth.permission", "pk": 32, "fields": {"name": "Can view Forum", "content_type": 8, "codename": "view_forum"}}, {"model": "auth.permission", "pk": 33, "fields": {"name": "Can add Post", "content_type": 9, "codename": "add_post"}}, {"model": "auth.permission", "pk": 34, "fields": {"name": "Can change Post", "content_type": 9, "codename": "change_post"}}, {"model": "auth.permission", "pk": 35, "fields": {"name": "Can delete Post", "content_type": 9, "codename": "delete_post"}}, {"model": "auth.permission", "pk": 36, "fields": {"name": "Can view Post", "content_type": 9, "codename": "view_post"}}, {"model": "auth.permission", "pk": 37, "fields": {"name": "Can add Topic", "content_type": 10, "codename": "add_topic"}}, {"model": "auth.permission", "pk": 38, "fields": {"name": "Can change Topic", "content_type": 10, "codename": "change_topic"}}, {"model": "auth.permission", "pk": 39, "fields": {"name": "Can delete Topic", "content_type": 10, "codename": "delete_topic"}}, {"model": "auth.permission", "pk": 40, "fields": {"name": "Can view Topic", "content_type": 10, "codename": "view_topic"}}, {"model": "auth.permission", "pk": 41, "fields": {"name": "Can add Attachment", "content_type": 11, "codename": "add_attachment"}}, {"model": "auth.permission", "pk": 42, "fields": {"name": "Can change Attachment", "content_type": 11, "codename": "change_attachment"}}, {"model": "auth.permission", "pk": 43, "fields": {"name": "Can delete Attachment", "content_type": 11, "codename": "delete_attachment"}}, {"model": "auth.permission", "pk": 44, "fields": {"name": "Can view Attachment", "content_type": 11, "codename": "view_attachment"}}, {"model": "auth.permission", "pk": 45, "fields": {"name": "Can add Topic poll", "content_type": 12, "codename": "add_topicpoll"}}, {"model": "auth.permission", "pk": 46, "fields": {"name": "Can change Topic poll", "content_type": 12, "codename": "change_topicpoll"}}, {"model": "auth.permission", "pk": 47, "fields": {"name": "Can delete Topic poll", "content_type": 12, "codename": "delete_topicpoll"}}, {"model": "auth.permission", "pk": 48, "fields": {"name": "Can view Topic poll", "content_type": 12, "codename": "view_topicpoll"}}, {"model": "auth.permission", "pk": 49, "fields": {"name": "Can add Topic poll option", "content_type": 13, "codename": "add_topicpolloption"}}, {"model": "auth.permission", "pk": 50, "fields": {"name": "Can change Topic poll option", "content_type": 13, "codename": "change_topicpolloption"}}, {"model": "auth.permission", "pk": 51, "fields": {"name": "Can delete Topic poll option", "content_type": 13, "codename": "delete_topicpolloption"}}, {"model": "auth.permission", "pk": 52, "fields": {"name": "Can view Topic poll option", "content_type": 13, "codename": "view_topicpolloption"}}, {"model": "auth.permission", "pk": 53, "fields": {"name": "Can add Topic poll vote", "content_type": 14, "codename": "add_topicpollvote"}}, {"model": "auth.permission", "pk": 54, "fields": {"name": "Can change Topic poll vote", "content_type": 14, "codename": "change_topicpollvote"}}, {"model": "auth.permission", "pk": 55, "fields": {"name": "Can delete Topic poll vote", "content_type": 14, "codename": "delete_topicpollvote"}}, {"model": "auth.permission", "pk": 56, "fields": {"name": "Can view Topic poll vote", "content_type": 14, "codename": "view_topicpollvote"}}, {"model": "auth.permission", "pk": 57, "fields": {"name": "Can add Forum track", "content_type": 15, "codename": "add_forumreadtrack"}}, {"model": "auth.permission", "pk": 58, "fields": {"name": "Can change Forum track", "content_type": 15, "codename": "change_forumreadtrack"}}, {"model": "auth.permission", "pk": 59, "fields": {"name": "Can delete Forum track", "content_type": 15, "codename": "delete_forumreadtrack"}}, {"model": "auth.permission", "pk": 60, "fields": {"name": "Can view Forum track", "content_type": 15, "codename": "view_forumreadtrack"}}, {"model": "auth.permission", "pk": 61, "fields": {"name": "Can add Topic track", "content_type": 16, "codename": "add_topicreadtrack"}}, {"model": "auth.permission", "pk": 62, "fields": {"name": "Can change Topic track", "content_type": 16, "codename": "change_topicreadtrack"}}, {"model": "auth.permission", "pk": 63, "fields": {"name": "Can delete Topic track", "content_type": 16, "codename": "delete_topicreadtrack"}}, {"model": "auth.permission", "pk": 64, "fields": {"name": "Can view Topic track", "content_type": 16, "codename": "view_topicreadtrack"}}, {"model": "auth.permission", "pk": 65, "fields": {"name": "Can add Forum profile", "content_type": 17, "codename": "add_forumprofile"}}, {"model": "auth.permission", "pk": 66, "fields": {"name": "Can change Forum profile", "content_type": 17, "codename": "change_forumprofile"}}, {"model": "auth.permission", "pk": 67, "fields": {"name": "Can delete Forum profile", "content_type": 17, "codename": "delete_forumprofile"}}, {"model": "auth.permission", "pk": 68, "fields": {"name": "Can view Forum profile", "content_type": 17, "codename": "view_forumprofile"}}, {"model": "auth.permission", "pk": 69, "fields": {"name": "Can add Forum permission", "content_type": 18, "codename": "add_forumpermission"}}, {"model": "auth.permission", "pk": 70, "fields": {"name": "Can change Forum permission", "content_type": 18, "codename": "change_forumpermission"}}, {"model": "auth.permission", "pk": 71, "fields": {"name": "Can delete Forum permission", "content_type": 18, "codename": "delete_forumpermission"}}, {"model": "auth.permission", "pk": 72, "fields": {"name": "Can view Forum permission", "content_type": 18, "codename": "view_forumpermission"}}, {"model": "auth.permission", "pk": 73, "fields": {"name": "Can add Group forum permission", "content_type": 19, "codename": "add_groupforumpermission"}}, {"model": "auth.permission", "pk": 74, "fields": {"name": "Can change Group forum permission", "content_type": 19, "codename": "change_groupforumpermission"}}, {"model": "auth.permission", "pk": 75, "fields": {"name": "Can delete Group forum permission", "content_type": 19, "codename": "delete_groupforumpermission"}}, {"model": "auth.permission", "pk": 76, "fields": {"name": "Can view Group forum permission", "content_type": 19, "codename": "view_groupforumpermission"}}, {"model": "auth.permission", "pk": 77, "fields": {"name": "Can add User forum permission", "content_type": 20, "codename": "add_userforumpermission"}}, {"model": "auth.permission", "pk": 78, "fields": {"name": "Can change User forum permission", "content_type": 20, "codename": "change_userforumpermission"}}, {"model": "auth.permission", "pk": 79, "fields": {"name": "Can delete User forum permission", "content_type": 20, "codename": "delete_userforumpermission"}}, {"model": "auth.permission", "pk": 80, "fields": {"name": "Can view User forum permission", "content_type": 20, "codename": "view_userforumpermission"}}, {"model": "auth.permission", "pk": 81, "fields": {"name": "Can add game", "content_type": 21, "codename": "add_game"}}, {"model": "auth.permission", "pk": 82, "fields": {"name": "Can change game", "content_type": 21, "codename": "change_game"}}, {"model": "auth.permission", "pk": 83, "fields": {"name": "Can delete game", "content_type": 21, "codename": "delete_game"}}, {"model": "auth.permission", "pk": 84, "fields": {"name": "Can view game", "content_type": 21, "codename": "view_game"}}, {"model": "auth.permission", "pk": 85, "fields": {"name": "Can add recommended", "content_type": 22, "codename": "add_recommended"}}, {"model": "auth.permission", "pk": 86, "fields": {"name": "Can change recommended", "content_type": 22, "codename": "change_recommended"}}, {"model": "auth.permission", "pk": 87, "fields": {"name": "Can delete recommended", "content_type": 22, "codename": "delete_recommended"}}, {"model": "auth.permission", "pk": 88, "fields": {"name": "Can view recommended", "content_type": 22, "codename": "view_recommended"}}, {"model": "auth.permission", "pk": 89, "fields": {"name": "Can add collection", "content_type": 23, "codename": "add_collection"}}, {"model": "auth.permission", "pk": 90, "fields": {"name": "Can change collection", "content_type": 23, "codename": "change_collection"}}, {"model": "auth.permission", "pk": 91, "fields": {"name": "Can delete collection", "content_type": 23, "codename": "delete_collection"}}, {"model": "auth.permission", "pk": 92, "fields": {"name": "Can view collection", "content_type": 23, "codename": "view_collection"}}, {"model": "auth.permission", "pk": 93, "fields": {"name": "Can add collection_has_games", "content_type": 24, "codename": "add_collection_has_games"}}, {"model": "auth.permission", "pk": 94, "fields": {"name": "Can change collection_has_games", "content_type": 24, "codename": "change_collection_has_games"}}, {"model": "auth.permission", "pk": 95, "fields": {"name": "Can delete collection_has_games", "content_type": 24, "codename": "delete_collection_has_games"}}, {"model": "auth.permission", "pk": 96, "fields": {"name": "Can view collection_has_games", "content_type": 24, "codename": "view_collection_has_games"}}, {"model": "auth.user", "pk": 1, "fields": {"password": "pbkdf2_sha256$150000$9lR7wY2KSkcB$io42/bN4/Be4UJrgAeEc2YN/EzJ2/qQrA9XGHLBUpz4=", "last_login": "2020-03-23T15:57:56.743Z", "is_superuser": true, "username": "admin", "first_name": "", "last_name": "", "email": "admin@admin.com", "is_staff": true, "is_active": true, "date_joined": "2020-03-10T15:50:55.902Z", "groups": [], "user_permissions": []}}, {"model": "auth.user", "pk": 5, "fields": {"password": "pbkdf2_sha256$150000$7t1K3dAzY79g$KWQYEDKT1UTAWZSAerUZlrqbICYgknnH74KifTjVZYU=", "last_login": "2020-03-10T17:28:05.216Z", "is_superuser": false, "username": "newuser", "first_name": "", "last_name": "", "email": "", "is_staff": false, "is_active": true, "date_joined": "2020-03-10T17:28:05.029Z", "groups": [], "user_permissions": []}}, {"model": "auth.user", "pk": 6, "fields": {"password": "pbkdf2_sha256$150000$38XLoaAYvQVO$SgjB+4laB1Ax0XnLo4ATy2XdtoXUenFCSm3CRsQ9cEo=", "last_login": "2020-03-23T02:03:03.997Z", "is_superuser": false, "username": "rxharja", "first_name": "", "last_name": "", "email": "", "is_staff": false, "is_active": true, "date_joined": "2020-03-10T17:43:12.296Z", "groups": [], "user_permissions": []}}, {"model": "auth.user", "pk": 7, "fields": {"password": "pbkdf2_sha256$150000$IT2nUvwUQ7KE$ymemhBEz8k+idUiTwkQfHlvg/Sl5l62fJmThGNNZOag=", "last_login": "2020-03-21T16:15:25.554Z", "is_superuser": false, "username": "testuser", "first_name": "", "last_name": "", "email": "testuser@test.com", "is_staff": false, "is_active": true, "date_joined": "2020-03-19T22:40:33.866Z", "groups": [], "user_permissions": []}}, {"model": "auth.user", "pk": 8, "fields": {"password": "pbkdf2_sha256$150000$8Y48ZqVWGTit$1OaPwF6kgD57uCltXb/jUxB0L3ReAAULHKYNxEPaKTA=", "last_login": "2020-03-23T19:54:06.289Z", "is_superuser": false, "username": "jojojoestar", "first_name": "", "last_name": "", "email": "jojojoestar@joestar.com", "is_staff": false, "is_active": true, "date_joined": "2020-03-20T18:42:30.402Z", "groups": [], "user_permissions": []}}, {"model": "auth.user", "pk": 9, "fields": {"password": "pbkdf2_sha256$150000$NqrKCTtnR7Y3$gRhCrFgej97wSW3+1S0bQJOOXY5I2sdRxbLgDCi399I=", "last_login": "2020-03-23T19:47:53.227Z", "is_superuser": false, "username": "user", "first_name": "", "last_name": "", "email": "user@user.com", "is_staff": false, "is_active": true, "date_joined": "2020-03-23T19:47:52.943Z", "groups": [], "user_permissions": []}}, {"model": "admin.logentry", "pk": 1, "fields": {"action_time": "2020-03-10T15:52:36.406Z", "user": 1, "content_type": 8, "object_id": "1", "object_repr": "General", "action_flag": 1, "change_message": "[{\"added\": {}}]"}}, {"model": "admin.logentry", "pk": 2, "fields": {"action_time": "2020-03-10T15:52:45.281Z", "user": 1, "content_type": 8, "object_id": "2", "object_repr": "Gaming", "action_flag": 1, "change_message": "[{\"added\": {}}]"}}, {"model": "admin.logentry", "pk": 3, "fields": {"action_time": "2020-03-10T15:52:58.837Z", "user": 1, "content_type": 8, "object_id": "3", "object_repr": "Marketplace", "action_flag": 1, "change_message": "[{\"added\": {}}]"}}, {"model": "admin.logentry", "pk": 4, "fields": {"action_time": "2020-03-10T15:53:13.499Z", "user": 1, "content_type": 8, "object_id": "4", "object_repr": "Settlers of Catan", "action_flag": 1, "change_message": "[{\"added\": {}}]"}}, {"model": "admin.logentry", "pk": 5, "fields": {"action_time": "2020-03-10T15:59:25.855Z", "user": 1, "content_type": 3, "object_id": "2", "object_repr": "rxharja", "action_flag": 1, "change_message": "[{\"added\": {}}]"}}, {"model": "admin.logentry", "pk": 6, "fields": {"action_time": "2020-03-10T17:27:36.068Z", "user": 1, "content_type": 3, "object_id": "3", "object_repr": "newuser", "action_flag": 3, "change_message": ""}}, {"model": "admin.logentry", "pk": 7, "fields": {"action_time": "2020-03-10T17:27:36.070Z", "user": 1, "content_type": 3, "object_id": "2", "object_repr": "rxharja", "action_flag": 3, "change_message": ""}}, {"model": "admin.logentry", "pk": 8, "fields": {"action_time": "2020-03-10T17:27:36.072Z", "user": 1, "content_type": 3, "object_id": "4", "object_repr": "testuser", "action_flag": 3, "change_message": ""}}, {"model": "admin.logentry", "pk": 9, "fields": {"action_time": "2020-03-10T20:25:44.117Z", "user": 1, "content_type": 8, "object_id": "5", "object_repr": "Trading Card Games", "action_flag": 1, "change_message": "[{\"added\": {}}]"}}, {"model": "admin.logentry", "pk": 10, "fields": {"action_time": "2020-03-10T20:26:02.395Z", "user": 1, "content_type": 8, "object_id": "6", "object_repr": "Board Games", "action_flag": 1, "change_message": "[{\"added\": {}}]"}}, {"model": "admin.logentry", "pk": 11, "fields": {"action_time": "2020-03-10T20:26:28.279Z", "user": 1, "content_type": 8, "object_id": "7", "object_repr": "Miniature War Games", "action_flag": 1, "change_message": "[{\"added\": {}}]"}}, {"model": "admin.logentry", "pk": 12, "fields": {"action_time": "2020-03-10T20:26:42.719Z", "user": 1, "content_type": 8, "object_id": "4", "object_repr": "Settlers of Catan", "action_flag": 2, "change_message": "[{\"changed\": {\"fields\": [\"parent\", \"description\"]}}]"}}, {"model": "admin.logentry", "pk": 13, "fields": {"action_time": "2020-03-10T20:28:11.353Z", "user": 1, "content_type": 8, "object_id": "8", "object_repr": "Selling", "action_flag": 1, "change_message": "[{\"added\": {}}]"}}, {"model": "admin.logentry", "pk": 14, "fields": {"action_time": "2020-03-10T20:28:21.862Z", "user": 1, "content_type": 8, "object_id": "9", "object_repr": "Buying", "action_flag": 1, "change_message": "[{\"added\": {}}]"}}, {"model": "admin.logentry", "pk": 15, "fields": {"action_time": "2020-03-10T20:28:51.582Z", "user": 1, "content_type": 8, "object_id": "10", "object_repr": "General", "action_flag": 1, "change_message": "[{\"added\": {}}]"}}, {"model": "admin.logentry", "pk": 16, "fields": {"action_time": "2020-03-12T16:15:05.911Z", "user": 1, "content_type": 21, "object_id": "1", "object_repr": "Game object (1)", "action_flag": 1, "change_message": "[{\"added\": {}}]"}}, {"model": "admin.logentry", "pk": 17, "fields": {"action_time": "2020-03-12T18:29:33.915Z", "user": 1, "content_type": 21, "object_id": "2", "object_repr": "/media/public/media/Pandemic_game.jpg", "action_flag": 1, "change_message": "[{\"added\": {}}]"}}, {"model": "admin.logentry", "pk": 18, "fields": {"action_time": "2020-03-12T18:32:05.392Z", "user": 1, "content_type": 21, "object_id": "1", "object_repr": "/media/Catan-2015-boxart.jpg", "action_flag": 2, "change_message": "[{\"changed\": {\"fields\": [\"genre\"]}}]"}}, {"model": "admin.logentry", "pk": 19, "fields": {"action_time": "2020-03-13T00:43:02.632Z", "user": 1, "content_type": 21, "object_id": "3", "object_repr": "/media/public/media/Yu-Gi-Oh_vol_01.jpg", "action_flag": 1, "change_message": "[{\"added\": {}}]"}}, {"model": "admin.logentry", "pk": 20, "fields": {"action_time": "2020-03-13T00:43:52.425Z", "user": 1, "content_type": 21, "object_id": "4", "object_repr": "/media/public/media/Magic_the_gathering-card_back.jpg", "action_flag": 1, "change_message": "[{\"added\": {}}]"}}, {"model": "admin.logentry", "pk": 21, "fields": {"action_time": "2020-03-13T00:44:46.601Z", "user": 1, "content_type": 21, "object_id": "5", "object_repr": "/media/public/media/2560px-Warhammer_Fantasy_RedCraig.jpg", "action_flag": 1, "change_message": "[{\"added\": {}}]"}}, {"model": "admin.logentry", "pk": 22, "fields": {"action_time": "2020-03-13T00:47:05.796Z", "user": 1, "content_type": 21, "object_id": "6", "object_repr": "/media/public/media/Pokemon_Trading_Card_Game_cardback.jpg", "action_flag": 1, "change_message": "[{\"added\": {}}]"}}, {"model": "admin.logentry", "pk": 23, "fields": {"action_time": "2020-03-13T00:49:27.151Z", "user": 1, "content_type": 21, "object_id": "7", "object_repr": "/media/public/media/dnd_5.jpg", "action_flag": 1, "change_message": "[{\"added\": {}}]"}}, {"model": "admin.logentry", "pk": 24, "fields": {"action_time": "2020-03-13T00:50:30.452Z", "user": 1, "content_type": 21, "object_id": "8", "object_repr": "/media/public/media/dnd_4.jpg", "action_flag": 1, "change_message": "[{\"added\": {}}]"}}, {"model": "admin.logentry", "pk": 25, "fields": {"action_time": "2020-03-13T00:51:25.861Z", "user": 1, "content_type": 21, "object_id": "9", "object_repr": "/media/public/media/dnd_3.jpg", "action_flag": 1, "change_message": "[{\"added\": {}}]"}}, {"model": "admin.logentry", "pk": 26, "fields": {"action_time": "2020-03-13T00:52:47.991Z", "user": 1, "content_type": 21, "object_id": "10", "object_repr": "/media/public/media/warhammer_40k.jpg", "action_flag": 1, "change_message": "[{\"added\": {}}]"}}, {"model": "admin.logentry", "pk": 27, "fields": {"action_time": "2020-03-13T00:55:57.120Z", "user": 1, "content_type": 21, "object_id": "11", "object_repr": "/media/public/media/infinity01.jpg", "action_flag": 1, "change_message": "[{\"added\": {}}]"}}, {"model": "admin.logentry", "pk": 28, "fields": {"action_time": "2020-03-13T01:18:46.610Z", "user": 1, "content_type": 8, "object_id": "11", "object_repr": "Infinity", "action_flag": 1, "change_message": "[{\"added\": {}}]"}}, {"model": "admin.logentry", "pk": 29, "fields": {"action_time": "2020-03-13T01:18:59.267Z", "user": 1, "content_type": 8, "object_id": "12", "object_repr": "Warhammer 40k", "action_flag": 1, "change_message": "[{\"added\": {}}]"}}, {"model": "admin.logentry", "pk": 30, "fields": {"action_time": "2020-03-13T01:19:07.431Z", "user": 1, "content_type": 8, "object_id": "13", "object_repr": "Warhammer", "action_flag": 1, "change_message": "[{\"added\": {}}]"}}, {"model": "admin.logentry", "pk": 31, "fields": {"action_time": "2020-03-13T01:19:22.429Z", "user": 1, "content_type": 8, "object_id": "14", "object_repr": "Yu-Gi-Oh", "action_flag": 1, "change_message": "[{\"added\": {}}]"}}, {"model": "admin.logentry", "pk": 32, "fields": {"action_time": "2020-03-13T01:19:37.021Z", "user": 1, "content_type": 8, "object_id": "15", "object_repr": "Magic the Gathering", "action_flag": 1, "change_message": "[{\"added\": {}}]"}}, {"model": "admin.logentry", "pk": 33, "fields": {"action_time": "2020-03-13T01:19:50.411Z", "user": 1, "content_type": 8, "object_id": "16", "object_repr": "Pokemon Trading Card Game", "action_flag": 1, "change_message": "[{\"added\": {}}]"}}, {"model": "admin.logentry", "pk": 34, "fields": {"action_time": "2020-03-13T01:20:08.062Z", "user": 1, "content_type": 8, "object_id": "17", "object_repr": "Dungeons & Dragons (3rd edition)", "action_flag": 1, "change_message": "[{\"added\": {}}]"}}, {"model": "admin.logentry", "pk": 35, "fields": {"action_time": "2020-03-13T01:20:21.721Z", "user": 1, "content_type": 8, "object_id": "18", "object_repr": "Dungeons & Dragons (4th edition)", "action_flag": 1, "change_message": "[{\"added\": {}}]"}}, {"model": "admin.logentry", "pk": 36, "fields": {"action_time": "2020-03-13T01:20:37.818Z", "user": 1, "content_type": 8, "object_id": "19", "object_repr": "Dungeons & Dragons (5th edition)", "action_flag": 1, "change_message": "[{\"added\": {}}]"}}, {"model": "admin.logentry", "pk": 37, "fields": {"action_time": "2020-03-13T01:20:54.286Z", "user": 1, "content_type": 8, "object_id": "20", "object_repr": "Pandemic", "action_flag": 1, "change_message": "[{\"added\": {}}]"}}, {"model": "admin.logentry", "pk": 38, "fields": {"action_time": "2020-03-13T14:49:45.397Z", "user": 1, "content_type": 8, "object_id": "21", "object_repr": "Roleplaying Games", "action_flag": 1, "change_message": "[{\"added\": {}}]"}}, {"model": "admin.logentry", "pk": 39, "fields": {"action_time": "2020-03-13T14:49:56.931Z", "user": 1, "content_type": 8, "object_id": "17", "object_repr": "Dungeons & Dragons (3rd edition)", "action_flag": 2, "change_message": "[{\"changed\": {\"fields\": [\"parent\", \"description\"]}}]"}}, {"model": "admin.logentry", "pk": 40, "fields": {"action_time": "2020-03-13T14:50:08.090Z", "user": 1, "content_type": 8, "object_id": "18", "object_repr": "Dungeons & Dragons (4th edition)", "action_flag": 2, "change_message": "[{\"changed\": {\"fields\": [\"parent\", \"description\"]}}]"}}, {"model": "admin.logentry", "pk": 41, "fields": {"action_time": "2020-03-13T14:50:30.910Z", "user": 1, "content_type": 8, "object_id": "19", "object_repr": "Dungeons & Dragons (5th edition)", "action_flag": 2, "change_message": "[{\"changed\": {\"fields\": [\"parent\", \"description\"]}}]"}}, {"model": "admin.logentry", "pk": 42, "fields": {"action_time": "2020-03-20T05:11:47.482Z", "user": 1, "content_type": 8, "object_id": "12", "object_repr": "Warhammer 40,000", "action_flag": 2, "change_message": "[{\"changed\": {\"fields\": [\"name\", \"description\"]}}]"}}, {"model": "admin.logentry", "pk": 43, "fields": {"action_time": "2020-03-20T05:12:04.956Z", "user": 1, "content_type": 8, "object_id": "4", "object_repr": "Catan", "action_flag": 2, "change_message": "[{\"changed\": {\"fields\": [\"name\", \"description\"]}}]"}}, {"model": "admin.logentry", "pk": 44, "fields": {"action_time": "2020-03-20T05:15:14.744Z", "user": 1, "content_type": 8, "object_id": "15", "object_repr": "Magic: the Gathering", "action_flag": 2, "change_message": "[{\"changed\": {\"fields\": [\"name\", \"description\"]}}]"}}, {"model": "admin.logentry", "pk": 45, "fields": {"action_time": "2020-03-20T05:15:42.074Z", "user": 1, "content_type": 8, "object_id": "15", "object_repr": "Magic: The Gathering", "action_flag": 2, "change_message": "[{\"changed\": {\"fields\": [\"name\", \"description\"]}}]"}}, {"model": "admin.logentry", "pk": 46, "fields": {"action_time": "2020-03-20T19:52:01.010Z", "user": 1, "content_type": 8, "object_id": "14", "object_repr": "World of Warcraft Trading Card Game", "action_flag": 2, "change_message": "[{\"changed\": {\"fields\": [\"name\", \"description\"]}}]"}}, {"model": "admin.logentry", "pk": 47, "fields": {"action_time": "2020-03-20T19:52:47.869Z", "user": 1, "content_type": 8, "object_id": "16", "object_repr": "Legend of the Five Rings", "action_flag": 2, "change_message": "[{\"changed\": {\"fields\": [\"name\", \"description\"]}}]"}}, {"model": "admin.logentry", "pk": 48, "fields": {"action_time": "2020-03-20T19:54:52.350Z", "user": 1, "content_type": 8, "object_id": "17", "object_repr": "Dungeons & Dragons Basic Game", "action_flag": 2, "change_message": "[{\"changed\": {\"fields\": [\"name\", \"description\"]}}]"}}, {"model": "admin.logentry", "pk": 49, "fields": {"action_time": "2020-03-20T19:58:14.467Z", "user": 1, "content_type": 8, "object_id": "18", "object_repr": "Savage Worlds", "action_flag": 2, "change_message": "[{\"changed\": {\"fields\": [\"name\", \"description\"]}}]"}}, {"model": "admin.logentry", "pk": 50, "fields": {"action_time": "2020-03-20T20:04:08.460Z", "user": 1, "content_type": 8, "object_id": "19", "object_repr": "Pathfinder", "action_flag": 2, "change_message": "[{\"changed\": {\"fields\": [\"name\", \"description\"]}}]"}}, {"model": "admin.logentry", "pk": 51, "fields": {"action_time": "2020-03-20T20:05:07.520Z", "user": 1, "content_type": 8, "object_id": "568", "object_repr": "Gloomhaven", "action_flag": 1, "change_message": "[{\"added\": {}}]"}}, {"model": "admin.logentry", "pk": 52, "fields": {"action_time": "2020-03-20T20:05:59.801Z", "user": 1, "content_type": 8, "object_id": "569", "object_repr": "Terraforming Mars", "action_flag": 1, "change_message": "[{\"added\": {}}]"}}, {"model": "admin.logentry", "pk": 53, "fields": {"action_time": "2020-03-20T20:07:05.923Z", "user": 1, "content_type": 8, "object_id": "570", "object_repr": "Spirit Island", "action_flag": 1, "change_message": "[{\"added\": {}}]"}}, {"model": "admin.logentry", "pk": 54, "fields": {"action_time": "2020-03-20T20:09:23.877Z", "user": 1, "content_type": 8, "object_id": "571", "object_repr": "Gwent: Nilfgaard and Northern Realms", "action_flag": 1, "change_message": "[{\"added\": {}}]"}}, {"model": "admin.logentry", "pk": 55, "fields": {"action_time": "2020-03-20T20:12:23.471Z", "user": 1, "content_type": 8, "object_id": "572", "object_repr": "Arkham Horror: The Card Game", "action_flag": 1, "change_message": "[{\"added\": {}}]"}}, {"model": "admin.logentry", "pk": 56, "fields": {"action_time": "2020-03-20T20:13:06.165Z", "user": 1, "content_type": 8, "object_id": "573", "object_repr": "Star Wars: The Card Game", "action_flag": 1, "change_message": "[{\"added\": {}}]"}}, {"model": "admin.logentry", "pk": 57, "fields": {"action_time": "2020-03-20T20:14:04.036Z", "user": 1, "content_type": 8, "object_id": "574", "object_repr": "Android: Netrunner", "action_flag": 1, "change_message": "[{\"added\": {}}]"}}, {"model": "admin.logentry", "pk": 58, "fields": {"action_time": "2020-03-20T20:14:38.653Z", "user": 1, "content_type": 8, "object_id": "575", "object_repr": "Force of Will", "action_flag": 1, "change_message": "[{\"added\": {}}]"}}, {"model": "admin.logentry", "pk": 59, "fields": {"action_time": "2020-03-20T20:16:08.165Z", "user": 1, "content_type": 8, "object_id": "576", "object_repr": "Ashes: Rise of the Phoenixborn", "action_flag": 1, "change_message": "[{\"added\": {}}]"}}, {"model": "admin.logentry", "pk": 60, "fields": {"action_time": "2020-03-20T20:18:20.789Z", "user": 1, "content_type": 8, "object_id": "577", "object_repr": "Final Fantasy Trading Card Game", "action_flag": 1, "change_message": "[{\"added\": {}}]"}}, {"model": "admin.logentry", "pk": 61, "fields": {"action_time": "2020-03-20T20:20:19.043Z", "user": 1, "content_type": 8, "object_id": "578", "object_repr": "Through the Ages: A New Story of Civilization", "action_flag": 1, "change_message": "[{\"added\": {}}]"}}, {"model": "admin.logentry", "pk": 62, "fields": {"action_time": "2020-03-20T20:20:49.011Z", "user": 1, "content_type": 8, "object_id": "579", "object_repr": "Brass: Birmingham", "action_flag": 1, "change_message": "[{\"added\": {}}]"}}, {"model": "admin.logentry", "pk": 63, "fields": {"action_time": "2020-03-20T20:21:57.067Z", "user": 1, "content_type": 8, "object_id": "580", "object_repr": "Twilight Struggle", "action_flag": 1, "change_message": "[{\"added\": {}}]"}}, {"model": "admin.logentry", "pk": 64, "fields": {"action_time": "2020-03-20T20:22:24.593Z", "user": 1, "content_type": 8, "object_id": "581", "object_repr": "Scythe", "action_flag": 1, "change_message": "[{\"added\": {}}]"}}, {"model": "admin.logentry", "pk": 65, "fields": {"action_time": "2020-03-20T20:23:12.794Z", "user": 1, "content_type": 8, "object_id": "582", "object_repr": "Concordia", "action_flag": 1, "change_message": "[{\"added\": {}}]"}}, {"model": "admin.logentry", "pk": 66, "fields": {"action_time": "2020-03-20T20:25:01.995Z", "user": 1, "content_type": 8, "object_id": "583", "object_repr": "BattleTech", "action_flag": 1, "change_message": "[{\"added\": {}}]"}}, {"model": "admin.logentry", "pk": 67, "fields": {"action_time": "2020-03-20T20:26:04.977Z", "user": 1, "content_type": 8, "object_id": "584", "object_repr": "Malifaux", "action_flag": 1, "change_message": "[{\"added\": {}}]"}}, {"model": "admin.logentry", "pk": 68, "fields": {"action_time": "2020-03-20T20:26:33.197Z", "user": 1, "content_type": 8, "object_id": "585", "object_repr": "Warmachine", "action_flag": 1, "change_message": "[{\"added\": {}}]"}}, {"model": "admin.logentry", "pk": 69, "fields": {"action_time": "2020-03-20T20:27:03.011Z", "user": 1, "content_type": 8, "object_id": "586", "object_repr": "Star Trek: Attack Wing", "action_flag": 1, "change_message": "[{\"added\": {}}]"}}, {"model": "admin.logentry", "pk": 70, "fields": {"action_time": "2020-03-20T20:31:42.211Z", "user": 1, "content_type": 8, "object_id": "587", "object_repr": "Star Wars: X-Wing Miniatures Game", "action_flag": 1, "change_message": "[{\"added\": {}}]"}}, {"model": "admin.logentry", "pk": 71, "fields": {"action_time": "2020-03-20T20:32:35.424Z", "user": 1, "content_type": 8, "object_id": "588", "object_repr": "Runewars", "action_flag": 1, "change_message": "[{\"added\": {}}]"}}, {"model": "admin.logentry", "pk": 72, "fields": {"action_time": "2020-03-20T20:33:59.728Z", "user": 1, "content_type": 8, "object_id": "589", "object_repr": "Blood Bowl (Third Edition)", "action_flag": 1, "change_message": "[{\"added\": {}}]"}}, {"model": "admin.logentry", "pk": 73, "fields": {"action_time": "2020-03-20T20:36:45.813Z", "user": 1, "content_type": 8, "object_id": "590", "object_repr": "Traveller: The Classic Games, Games 1-6+", "action_flag": 1, "change_message": "[{\"added\": {}}]"}}, {"model": "admin.logentry", "pk": 74, "fields": {"action_time": "2020-03-20T20:40:01.973Z", "user": 1, "content_type": 8, "object_id": "591", "object_repr": "Werewolf", "action_flag": 1, "change_message": "[{\"added\": {}}]"}}, {"model": "admin.logentry", "pk": 75, "fields": {"action_time": "2020-03-20T20:41:09.310Z", "user": 1, "content_type": 8, "object_id": "592", "object_repr": "HeroQuest", "action_flag": 1, "change_message": "[{\"added\": {}}]"}}, {"model": "admin.logentry", "pk": 76, "fields": {"action_time": "2020-03-20T20:44:10.167Z", "user": 1, "content_type": 8, "object_id": "593", "object_repr": "Mordheim: City of the Damned", "action_flag": 1, "change_message": "[{\"added\": {}}]"}}, {"model": "admin.logentry", "pk": 77, "fields": {"action_time": "2020-03-20T20:51:01.792Z", "user": 1, "content_type": 8, "object_id": "594", "object_repr": "Deadlands: Doomtown", "action_flag": 1, "change_message": "[{\"added\": {}}]"}}, {"model": "admin.logentry", "pk": 78, "fields": {"action_time": "2020-03-20T20:56:22.433Z", "user": 1, "content_type": 8, "object_id": "595", "object_repr": "Dark Moon", "action_flag": 1, "change_message": "[{\"added\": {}}]"}}, {"model": "admin.logentry", "pk": 79, "fields": {"action_time": "2020-03-20T20:57:33.342Z", "user": 1, "content_type": 8, "object_id": "596", "object_repr": "Magic Realm", "action_flag": 1, "change_message": "[{\"added\": {}}]"}}, {"model": "forum_tracking.forumreadtrack", "pk": 1, "fields": {"user": 1, "forum": 4, "mark_time": "2020-03-10T20:15:10.093Z"}}, {"model": "forum_tracking.forumreadtrack", "pk": 2, "fields": {"user": 1, "forum": 2, "mark_time": "2020-03-20T05:02:29.476Z"}}, {"model": "forum_tracking.forumreadtrack", "pk": 3, "fields": {"user": 6, "forum": 4, "mark_time": "2020-03-10T17:43:47.674Z"}}, {"model": "forum_tracking.forumreadtrack", "pk": 4, "fields": {"user": 6, "forum": 2, "mark_time": "2020-03-10T17:43:47.685Z"}}, {"model": "forum_tracking.forumreadtrack", "pk": 5, "fields": {"user": 1, "forum": 8, "mark_time": "2020-03-19T22:28:41.643Z"}}, {"model": "forum_tracking.forumreadtrack", "pk": 6, "fields": {"user": 1, "forum": 3, "mark_time": "2020-03-19T22:28:41.809Z"}}, {"model": "forum_tracking.forumreadtrack", "pk": 7, "fields": {"user": 1, "forum": 10, "mark_time": "2020-03-19T22:29:12.817Z"}}, {"model": "forum_tracking.forumreadtrack", "pk": 8, "fields": {"user": 1, "forum": 1, "mark_time": "2020-03-19T22:29:13.019Z"}}, {"model": "forum_tracking.forumreadtrack", "pk": 9, "fields": {"user": 7, "forum": 14, "mark_time": "2020-03-19T22:40:58.435Z"}}, {"model": "forum_tracking.forumreadtrack", "pk": 10, "fields": {"user": 7, "forum": 5, "mark_time": "2020-03-19T23:36:16.151Z"}}, {"model": "forum_tracking.forumreadtrack", "pk": 11, "fields": {"user": 7, "forum": 2, "mark_time": "2020-03-19T23:36:16.271Z"}}, {"model": "forum_tracking.forumreadtrack", "pk": 12, "fields": {"user": 7, "forum": 17, "mark_time": "2020-03-19T22:41:20.871Z"}}, {"model": "forum_tracking.forumreadtrack", "pk": 13, "fields": {"user": 7, "forum": 21, "mark_time": "2020-03-19T22:41:21.059Z"}}, {"model": "forum_tracking.forumreadtrack", "pk": 14, "fields": {"user": 7, "forum": 13, "mark_time": "2020-03-19T22:41:49.522Z"}}, {"model": "forum_tracking.forumreadtrack", "pk": 15, "fields": {"user": 7, "forum": 7, "mark_time": "2020-03-19T22:41:49.711Z"}}, {"model": "forum_tracking.forumreadtrack", "pk": 16, "fields": {"user": 7, "forum": 20, "mark_time": "2020-03-19T23:02:33.689Z"}}, {"model": "forum_tracking.forumreadtrack", "pk": 17, "fields": {"user": 7, "forum": 6, "mark_time": "2020-03-19T23:02:33.972Z"}}, {"model": "forum_tracking.forumreadtrack", "pk": 18, "fields": {"user": 7, "forum": 15, "mark_time": "2020-03-19T23:36:15.973Z"}}, {"model": "forum_tracking.forumreadtrack", "pk": 19, "fields": {"user": 1, "forum": 12, "mark_time": "2020-03-20T05:02:29.288Z"}}, {"model": "forum_tracking.forumreadtrack", "pk": 20, "fields": {"user": 1, "forum": 7, "mark_time": "2020-03-20T05:02:29.397Z"}}, {"model": "forum_tracking.forumreadtrack", "pk": 21, "fields": {"user": 8, "forum": 20, "mark_time": "2020-03-20T18:43:13.108Z"}}, {"model": "forum_tracking.forumreadtrack", "pk": 22, "fields": {"user": 8, "forum": 6, "mark_time": "2020-03-20T18:43:13.241Z"}}, {"model": "forum_tracking.forumreadtrack", "pk": 23, "fields": {"user": 8, "forum": 2, "mark_time": "2020-03-21T15:26:07.451Z"}}, {"model": "forum_tracking.forumreadtrack", "pk": 24, "fields": {"user": 8, "forum": 17, "mark_time": "2020-03-21T12:35:39.272Z"}}, {"model": "forum_tracking.forumreadtrack", "pk": 25, "fields": {"user": 8, "forum": 21, "mark_time": "2020-03-21T12:35:39.366Z"}}, {"model": "forum_tracking.forumreadtrack", "pk": 26, "fields": {"user": 8, "forum": 13, "mark_time": "2020-03-21T15:26:07.256Z"}}, {"model": "forum_tracking.forumreadtrack", "pk": 27, "fields": {"user": 8, "forum": 7, "mark_time": "2020-03-21T15:26:07.367Z"}}, {"model": "forum_member.forumprofile", "pk": 1, "fields": {"user": 1, "avatar": "", "signature": null, "posts_count": 7, "_signature_rendered": null}}, {"model": "forum_member.forumprofile", "pk": 2, "fields": {"user": 6, "avatar": "", "signature": null, "posts_count": 2, "_signature_rendered": null}}, {"model": "forum_member.forumprofile", "pk": 3, "fields": {"user": 7, "avatar": "", "signature": null, "posts_count": 6, "_signature_rendered": null}}, {"model": "forum_member.forumprofile", "pk": 4, "fields": {"user": 8, "avatar": "", "signature": null, "posts_count": 1, "_signature_rendered": null}}, {"model": "forum_conversation.topic", "pk": 1, "fields": {"created": "2020-03-10T16:01:19.100Z", "updated": "2020-03-10T17:43:47.611Z", "forum": 4, "poster": 1, "subject": "Test", "slug": "test", "type": 0, "status": 0, "approved": true, "posts_count": 3, "views_count": 28, "last_post_on": "2020-03-10T17:43:47.596Z", "first_post": 1, "last_post": 4, "icon": "", "subscribers": []}}, {"model": "forum_conversation.topic", "pk": 2, "fields": {"created": "2020-03-10T17:43:35.136Z", "updated": "2020-03-10T17:43:35.171Z", "forum": 4, "poster": 6, "subject": "Testing", "slug": "testing", "type": 0, "status": 0, "approved": true, "posts_count": 1, "views_count": 3, "last_post_on": "2020-03-10T17:43:35.158Z", "first_post": 3, "last_post": 3, "icon": "", "subscribers": []}}, {"model": "forum_conversation.topic", "pk": 3, "fields": {"created": "2020-03-19T22:28:40.501Z", "updated": "2020-03-19T22:28:40.709Z", "forum": 8, "poster": 1, "subject": "Selling DnD 3rd edition books", "slug": "selling-dnd-3rd-edition-books", "type": 0, "status": 0, "approved": true, "posts_count": 1, "views_count": 1, "last_post_on": "2020-03-19T22:28:40.610Z", "first_post": 5, "last_post": 5, "icon": "", "subscribers": []}}, {"model": "forum_conversation.topic", "pk": 4, "fields": {"created": "2020-03-19T22:29:12.043Z", "updated": "2020-03-19T22:29:12.179Z", "forum": 10, "poster": 1, "subject": "How do people feel about the new MtG season?", "slug": "how-do-people-feel-about-the-new-mtg-season", "type": 0, "status": 0, "approved": true, "posts_count": 1, "views_count": 1, "last_post_on": "2020-03-19T22:29:12.103Z", "first_post": 6, "last_post": 6, "icon": "", "subscribers": []}}, {"model": "forum_conversation.topic", "pk": 5, "fields": {"created": "2020-03-19T22:40:57.574Z", "updated": "2020-03-19T22:40:57.690Z", "forum": 14, "poster": 7, "subject": "What's up with the new fusion cards?", "slug": "whats-up-with-the-new-fusion-cards", "type": 0, "status": 0, "approved": true, "posts_count": 1, "views_count": 1, "last_post_on": "2020-03-19T22:40:57.634Z", "first_post": 7, "last_post": 7, "icon": "", "subscribers": []}}, {"model": "forum_conversation.topic", "pk": 6, "fields": {"created": "2020-03-19T22:41:20.120Z", "updated": "2020-03-19T22:41:20.321Z", "forum": 17, "poster": 7, "subject": "This is my favorite version", "slug": "this-is-my-favorite-version", "type": 0, "status": 0, "approved": true, "posts_count": 1, "views_count": 3, "last_post_on": "2020-03-19T22:41:20.202Z", "first_post": 8, "last_post": 8, "icon": "", "subscribers": [8]}}, {"model": "forum_conversation.topic", "pk": 7, "fields": {"created": "2020-03-19T22:41:48.675Z", "updated": "2020-03-19T22:41:48.781Z", "forum": 13, "poster": 7, "subject": "Have you guys tried the card game?", "slug": "have-you-guys-tried-the-card-game", "type": 0, "status": 0, "approved": true, "posts_count": 1, "views_count": 4, "last_post_on": "2020-03-19T22:41:48.721Z", "first_post": 9, "last_post": 9, "icon": "", "subscribers": [8]}}, {"model": "forum_conversation.topic", "pk": 8, "fields": {"created": "2020-03-19T23:02:32.819Z", "updated": "2020-03-20T18:43:12.505Z", "forum": 20, "poster": 7, "subject": "This is now real life", "slug": "this-is-now-real-life", "type": 0, "status": 0, "approved": true, "posts_count": 2, "views_count": 3, "last_post_on": "2020-03-20T18:43:12.288Z", "first_post": 10, "last_post": 16, "icon": "", "subscribers": []}}, {"model": "forum_conversation.topic", "pk": 9, "fields": {"created": "2020-03-19T23:35:48.379Z", "updated": "2020-03-19T23:36:15.225Z", "forum": 15, "poster": 7, "subject": "How do I start?", "slug": "how-do-i-start", "type": 0, "status": 0, "approved": true, "posts_count": 2, "views_count": 2, "last_post_on": "2020-03-19T23:36:15.158Z", "first_post": 11, "last_post": 12, "icon": "", "subscribers": []}}, {"model": "forum_conversation.topic", "pk": 10, "fields": {"created": "2020-03-20T05:01:38.471Z", "updated": "2020-03-20T05:02:28.974Z", "forum": 12, "poster": 1, "subject": "Is this anything like the total war game?", "slug": "is-this-anything-like-the-total-war-game", "type": 0, "status": 0, "approved": true, "posts_count": 3, "views_count": 3, "last_post_on": "2020-03-20T05:02:28.901Z", "first_post": 13, "last_post": 15, "icon": "", "subscribers": []}}, {"model": "forum_conversation.post", "pk": 1, "fields": {"created": "2020-03-10T16:01:19.123Z", "updated": "2020-03-10T16:01:19.123Z", "topic": 1, "poster": 1, "anonymous_key": null, "subject": "Test", "content": "This is an admin test post", "username": null, "approved": true, "enable_signature": true, "update_reason": null, "updated_by": null, "updates_count": 0, "_content_rendered": "<p>This is an admin test post</p>"}}, {"model": "forum_conversation.post", "pk": 2, "fields": {"created": "2020-03-10T16:23:11.210Z", "updated": "2020-03-10T16:23:11.210Z", "topic": 1, "poster": 1, "anonymous_key": null, "subject": "Re: Test", "content": "[Click here](https://google.com)", "username": null, "approved": true, "enable_signature": true, "update_reason": null, "updated_by": null, "updates_count": 0, "_content_rendered": "<p><a href=\"https://google.com\">Click here</a></p>"}}, {"model": "forum_conversation.post", "pk": 3, "fields": {"created": "2020-03-10T17:43:35.158Z", "updated": "2020-03-10T17:43:35.158Z", "topic": 2, "poster": 6, "anonymous_key": null, "subject": "Testing", "content": "more testing", "username": null, "approved": true, "enable_signature": true, "update_reason": null, "updated_by": null, "updates_count": 0, "_content_rendered": "<p>more testing</p>"}}, {"model": "forum_conversation.post", "pk": 4, "fields": {"created": "2020-03-10T17:43:47.596Z", "updated": "2020-03-10T17:43:47.596Z", "topic": 1, "poster": 6, "anonymous_key": null, "subject": "Re: Test", "content": "Replying to this", "username": null, "approved": true, "enable_signature": true, "update_reason": null, "updated_by": null, "updates_count": 0, "_content_rendered": "<p>Replying to this</p>"}}, {"model": "forum_conversation.post", "pk": 5, "fields": {"created": "2020-03-19T22:28:40.610Z", "updated": "2020-03-19T22:28:40.610Z", "topic": 3, "poster": 1, "anonymous_key": null, "subject": "Selling DnD 3rd edition books", "content": "Selling dungeon master's guide for 3rd edition if anyone is interested", "username": null, "approved": true, "enable_signature": true, "update_reason": null, "updated_by": null, "updates_count": 0, "_content_rendered": "<p>Selling dungeon master's guide for 3rd edition if anyone is interested</p>"}}, {"model": "forum_conversation.post", "pk": 6, "fields": {"created": "2020-03-19T22:29:12.103Z", "updated": "2020-03-19T22:29:12.103Z", "topic": 4, "poster": 1, "anonymous_key": null, "subject": "How do people feel about the new MtG season?", "content": "Not as good as yugioh", "username": null, "approved": true, "enable_signature": true, "update_reason": null, "updated_by": null, "updates_count": 0, "_content_rendered": "<p>Not as good as yugioh</p>"}}, {"model": "forum_conversation.post", "pk": 7, "fields": {"created": "2020-03-19T22:40:57.634Z", "updated": "2020-03-19T22:40:57.634Z", "topic": 5, "poster": 7, "anonymous_key": null, "subject": "What's up with the new fusion cards?", "content": "Is it ok that they're broken?\r\n\r\nThey should be banned.", "username": null, "approved": true, "enable_signature": true, "update_reason": null, "updated_by": null, "updates_count": 0, "_content_rendered": "<p>Is it ok that they're broken?</p>\n\n<p>They should be banned.</p>"}}, {"model": "forum_conversation.post", "pk": 8, "fields": {"created": "2020-03-19T22:41:20.202Z", "updated": "2020-03-19T22:41:20.202Z", "topic": 6, "poster": 7, "anonymous_key": null, "subject": "This is my favorite version", "content": "That's all I wanted to say", "username": null, "approved": true, "enable_signature": true, "update_reason": null, "updated_by": null, "updates_count": 0, "_content_rendered": "<p>That's all I wanted to say</p>"}}, {"model": "forum_conversation.post", "pk": 9, "fields": {"created": "2020-03-19T22:41:48.721Z", "updated": "2020-03-19T22:41:48.721Z", "topic": 7, "poster": 7, "anonymous_key": null, "subject": "Have you guys tried the card game?", "content": "I know this is the wrong forum but still", "username": null, "approved": true, "enable_signature": true, "update_reason": null, "updated_by": null, "updates_count": 0, "_content_rendered": "<p>I know this is the wrong forum but still</p>"}}, {"model": "forum_conversation.post", "pk": 10, "fields": {"created": "2020-03-19T23:02:32.866Z", "updated": "2020-03-19T23:02:32.866Z", "topic": 8, "poster": 7, "anonymous_key": null, "subject": "This is now real life", "content": "Pandemic came true y'all", "username": null, "approved": true, "enable_signature": true, "update_reason": null, "updated_by": null, "updates_count": 0, "_content_rendered": "<p>Pandemic came true y'all</p>"}}, {"model": "forum_conversation.post", "pk": 11, "fields": {"created": "2020-03-19T23:35:48.430Z", "updated": "2020-03-19T23:35:48.430Z", "topic": 9, "poster": 7, "anonymous_key": null, "subject": "How do I start?", "content": "I never played before", "username": null, "approved": true, "enable_signature": true, "update_reason": null, "updated_by": null, "updates_count": 0, "_content_rendered": "<p>I never played before</p>"}}, {"model": "forum_conversation.post", "pk": 12, "fields": {"created": "2020-03-19T23:36:15.158Z", "updated": "2020-03-19T23:36:15.158Z", "topic": 9, "poster": 7, "anonymous_key": null, "subject": "Re: How do I start?", "content": "Never mind I just bought my first deck!\r\n\r\nWish me luck y'all", "username": null, "approved": true, "enable_signature": true, "update_reason": null, "updated_by": null, "updates_count": 0, "_content_rendered": "<p>Never mind I just bought my first deck!</p>\n\n<p>Wish me luck y'all</p>"}}, {"model": "forum_conversation.post", "pk": 13, "fields": {"created": "2020-03-20T05:01:38.586Z", "updated": "2020-03-20T05:01:38.586Z", "topic": 10, "poster": 1, "anonymous_key": null, "subject": "Is this anything like the total war game?", "content": "Total war recently made one, or was it the original warhammer?", "username": null, "approved": true, "enable_signature": true, "update_reason": null, "updated_by": null, "updates_count": 0, "_content_rendered": "<p>Total war recently made one, or was it the original warhammer?</p>"}}, {"model": "forum_conversation.post", "pk": 14, "fields": {"created": "2020-03-20T05:01:52.239Z", "updated": "2020-03-20T05:01:52.239Z", "topic": 10, "poster": 1, "anonymous_key": null, "subject": "Re: Is this anything like the total war game?", "content": "Never mind it was the original warhammer, excuse me", "username": null, "approved": true, "enable_signature": true, "update_reason": null, "updated_by": null, "updates_count": 0, "_content_rendered": "<p>Never mind it was the original warhammer, excuse me</p>"}}, {"model": "forum_conversation.post", "pk": 15, "fields": {"created": "2020-03-20T05:02:28.901Z", "updated": "2020-03-20T05:02:28.901Z", "topic": 10, "poster": 1, "anonymous_key": null, "subject": "Re: Is this anything like the total war game?", "content": "I found a mod if anyone is interested, pretty cool", "username": null, "approved": true, "enable_signature": true, "update_reason": null, "updated_by": null, "updates_count": 0, "_content_rendered": "<p>I found a mod if anyone is interested, pretty cool</p>"}}, {"model": "forum_conversation.post", "pk": 16, "fields": {"created": "2020-03-20T18:43:12.288Z", "updated": "2020-03-20T18:43:12.288Z", "topic": 8, "poster": 8, "anonymous_key": null, "subject": "Re: This is now real life", "content": "Very true :(", "username": null, "approved": true, "enable_signature": true, "update_reason": null, "updated_by": null, "updates_count": 0, "_content_rendered": "<p>Very true :(</p>"}}]